reach_id,date,river_name,p_lat,p_lon,wse,wse_u,width,width_u,slope,slope_u,area_total,dschg_c,dschg_c_u,dschg_gc,dschg_gc_u
45311900235,2025-05-05,Hooghly,22.19530951,88.1117474,-0.4869,0.12677,1891.434596,1.423927,-9.842e-06,6.943107e-05,21783348.3,-999999999999.0,-999999999999.0,-999999999999.0,-999999999999.0
45312000015,2023-07-28,Hooghly,22.28102427,88.0859277,0.8636,0.09204,1574.234826,1.126825,2.703569e-05,2.439878e-05,25582251.2,-999999999999.0,-999999999999.0,-999999999999.0,-999999999999.0
45312000015,2023-09-08,Hooghly,22.28102427,88.0859277,0.5408,0.09328,1608.167982,1.247262,-1.24398e-05,2.42489e-05,26133685.1,-999999999999.0,-999999999999.0,-999999999999.0,-999999999999.0
45312000015,2023-09-29,Hooghly,22.28102427,88.0859277,-1.4289,0.09185,1592.090358,1.081193,-4.58165e-05,1.436357e-05,25872414.2,-999999999999.0,-999999999999.0,-999999999999.0,-999999999999.0
45312000015,2023-10-20,Hooghly,22.28102427,88.0859277,2.0536,0.09213,1620.231752,1.201903,-2.00681e-05,2.951839e-05,26329728.6,-999999999999.0,-999999999999.0,-999999999999.0,-999999999999.0
45312000015,2023-11-10,Hooghly,22.28102427,88.0859277,1.0992,0.09176,1606.687399,1.148187,-2.47591e-05,2.274143e-05,26109624.8,-999999999999.0,-999999999999.0,-999999999999.0,-999999999999.0
45312000015,2023-12-01,Hooghly,22.28102427,88.0859277,-1.0176,0.09314,1582.884122,1.107421,-2.72028e-05,2.379505e-05,25722807.4,-999999999999.0,-999999999999.0,-999999999999.0,-999999999999.0
45312000015,2023-12-22,Hooghly,22.28102427,88.0859277,1.243,0.09279,1607.934856,1.135821,1.94308e-05,2.95614e-05,26129896.7,-999999999999.0,-999999999999.0,-999999999999.0,-999999999999.0
45312000015,2024-01-11,Hooghly,22.28102427,88.0859277,1.5651,0.09169,1596.484566,1.123203,-3.38264e-05,2.276795e-05,25943822.7,-999999999999.0,-999999999999.0,-999999999999.0,-999999999999.0
45312000015,2024-02-01,Hooghly,22.28102427,88.0859277,-0.5761,0.09719,1589.091825,0.975042,2.409036e-05,2.88927e-05,25823686.3,-999999999999.0,-999999999999.0,-999999999999.0,-999999999999.0
45312000015,2024-04-04,Hooghly,22.28102427,88.0859277,-0.3273,0.09276,1597.365972,1.173568,-2.08317e-05,2.312135e-05,25958146.1,-999999999999.0,-999999999999.0,-999999999999.0,-999999999999.0
45312000015,2024-04-25,Hooghly,22.28102427,88.0859277,2.2372,0.09303,1622.871431,1.190733,3.489342e-05,1.579859e-05,26372624.9,-999999999999.0,-999999999999.0,-999999999999.0,-999999999999.0
45312000015,2025-05-26,Hooghly,22.28102427,88.0859277,1.8391,0.09371,1615.711717,1.199056,4.830228e-05,2.429347e-05,26256275.3,-999999999999.0,-999999999999.0,-999999999999.0,-999999999999.0
45312000015,2025-06-16,Hooghly,22.28102427,88.0859277,1.6493,0.48814,1571.580169,0.657686,-2.49152e-05,5.072674e-05,25539111.5,-999999999999.0,-999999999999.0,-999999999999.0,-999999999999.0
45312000015,2025-07-07,Hooghly,22.28102427,88.0859277,0.35,0.0918,1599.3885,1.178795,-2.65992e-05,1.683241e-05,25991013.4,-999999999999.0,-999999999999.0,-999999999999.0,-999999999999.0
45312000015,2025-07-28,Hooghly,22.28102427,88.0859277,2.1574,0.09172,1612.668624,1.138862,5.153001e-05,1.531188e-05,26206823.3,-999999999999.0,-999999999999.0,-999999999999.0,-999999999999.0
45312000015,2025-08-18,Hooghly,22.28102427,88.0859277,2.1898,0.10522,1609.163911,1.401609,-1.38125e-05,2.345933e-05,26149869.6,-999999999999.0,-999999999999.0,-999999999999.0,-999999999999.0
45312000015,2025-09-28,Hooghly,22.28102427,88.0859277,2.4553,0.10319,1528.371329,0.56463,1.125127e-05,1.761184e-05,24836942.1,-999999999999.0,-999999999999.0,-999999999999.0,-999999999999.0
45312000015,2025-10-19,Hooghly,22.28102427,88.0859277,3.2545,0.0932,1609.293599,1.015559,6.28179e-06,2.939398e-05,26151977.1,-999999999999.0,-999999999999.0,-999999999999.0,-999999999999.0
45312000015,2025-10-19,Hooghly,22.28102427,88.0859277,3.2545,0.0932,1609.293599,1.015559,6.28179e-06,2.939398e-05,26151977.1,-999999999999.0,-999999999999.0,-999999999999.0,-999999999999.0
45312000015,2025-10-19,Hooghly,22.28102427,88.0859277,3.2545,0.0932,1609.293599,1.015559,6.28179e-06,2.939398e-05,26151977.1,-999999999999.0,-999999999999.0,-999999999999.0,-999999999999.0
45312000015,2025-10-19,Hooghly,22.28102427,88.0859277,3.2545,0.0932,1609.293599,1.015559,6.28179e-06,2.939398e-05,26151977.1,-999999999999.0,-999999999999.0,-999999999999.0,-999999999999.0
45312000015,2025-11-09,Hooghly,22.28102427,88.0859277,0.1991,0.09159,1574.8783,1.104744,-3.21354e-05,1.423129e-05,25592708.0,-999999999999.0,-999999999999.0,-999999999999.0,-999999999999.0
45312000025,2023-07-28,Hooghly,22.42102065,88.1226193,0.4114,0.09236,1139.456404,0.896244,-3.04822e-05,1.188586e-05,22425372.3,-999999999999.0,-999999999999.0,-999999999999.0,-999999999999.0
45312000025,2023-09-08,Hooghly,22.42102065,88.1226193,0.7309,0.09293,1150.10692,0.912568,1.20681e-05,1.217071e-05,22634982.6,-999999999999.0,-999999999999.0,-999999999999.0,-999999999999.0
45312000025,2023-09-29,Hooghly,22.42102065,88.1226193,-0.783,0.09366,1146.466627,0.819223,2.909883e-05,2.048213e-05,22563338.9,-999999999999.0,-999999999999.0,-999999999999.0,-999999999999.0
45312000025,2023-10-20,Hooghly,22.42102065,88.1226193,2.3099,0.09295,1165.970918,0.947201,9.81876e-06,1.177264e-05,22947198.2,-999999999999.0,-999999999999.0,-999999999999.0,-999999999999.0
45312000025,2023-11-10,Hooghly,22.42102065,88.1226193,1.4724,0.0927,1158.104539,0.902259,1.787936e-05,1.165942e-05,22792381.9,-999999999999.0,-999999999999.0,-999999999999.0,-999999999999.0
45312000025,2023-12-01,Hooghly,22.42102065,88.1226193,-0.732,0.0932,1139.72353,0.863273,2.166313e-05,1.922933e-05,22430629.6,-999999999999.0,-999999999999.0,-999999999999.0,-999999999999.0
45312000025,2023-12-22,Hooghly,22.42102065,88.1226193,0.8891,0.10187,1144.99301,0.699756,-2.38018e-05,1.173824e-05,22534337.0,-999999999999.0,-999999999999.0,-999999999999.0,-999999999999.0
45312000025,2024-01-11,Hooghly,22.42102065,88.1226193,2.0716,0.0925,1156.964289,0.897357,2.468852e-05,1.209017e-05,22769940.9,-999999999999.0,-999999999999.0,-999999999999.0,-999999999999.0
45312000025,2024-02-01,Hooghly,22.42102065,88.1226193,0.2115,0.11255,1109.792986,0.226351,5.32303e-06,3.698535e-05,21841573.6,-999999999999.0,-999999999999.0,-999999999999.0,-999999999999.0
45312000025,2024-04-04,Hooghly,22.42102065,88.1226193,-0.0009,0.09312,1148.943632,0.921103,1.789126e-05,1.886277e-05,22612088.2,-999999999999.0,-999999999999.0,-999999999999.0,-999999999999.0
45312000025,2024-04-25,Hooghly,22.42102065,88.1226193,1.8492,0.09524,1163.533603,0.940543,-4.05307e-05,1.232121e-05,22899230.0,-999999999999.0,-999999999999.0,-999999999999.0,-999999999999.0
45312000025,2025-05-26,Hooghly,22.42102065,88.1226193,1.0561,0.09178,1155.860532,0.933219,-5.87976e-05,1.190526e-05,22748218.1,-999999999999.0,-999999999999.0,-999999999999.0,-999999999999.0
45312000025,2025-06-16,Hooghly,22.42102065,88.1226193,1.9669,0.09398,1157.750121,1.235841,2.593756e-05,3.325901e-05,22785406.7,-999999999999.0,-999999999999.0,-999999999999.0,-999999999999.0
45312000025,2025-07-07,Hooghly,22.42102065,88.1226193,0.8332,0.09971,1147.520244,0.843537,2.458198e-05,3.646115e-05,22584074.9,-999999999999.0,-999999999999.0,-999999999999.0,-999999999999.0
45312000025,2025-07-28,Hooghly,22.42102065,88.1226193,1.2671,0.09206,1157.733298,0.911187,-0.0001199481,1.227666e-05,22785075.6,-999999999999.0,-999999999999.0,-999999999999.0,-999999999999.0
45312000025,2025-08-18,Hooghly,22.42102065,88.1226193,2.4675,0.09331,1169.556605,1.007654,1.867915e-05,2.107642e-05,23017767.3,-999999999999.0,-999999999999.0,-999999999999.0,-999999999999.0
45312000025,2025-09-28,Hooghly,22.42102065,88.1226193,2.2474,0.10532,1105.056245,0.586621,-1.20953e-05,1.257336e-05,21748350.9,-999999999999.0,-999999999999.0,-999999999999.0,-999999999999.0
45312000025,2025-10-19,Hooghly,22.42102065,88.1226193,3.1221,0.0946,1134.993101,0.758913,-1.33006e-05,2.233658e-05,22337531.1,-999999999999.0,-999999999999.0,-999999999999.0,-999999999999.0
45312000025,2025-10-19,Hooghly,22.42102065,88.1226193,3.1221,0.0946,1134.993101,0.758913,-1.33006e-05,2.233658e-05,22337531.1,-999999999999.0,-999999999999.0,-999999999999.0,-999999999999.0
45312000025,2025-10-19,Hooghly,22.42102065,88.1226193,3.1221,0.0946,1134.993101,0.758913,-1.33006e-05,2.233658e-05,22337531.1,-999999999999.0,-999999999999.0,-999999999999.0,-999999999999.0
45312000025,2025-10-19,Hooghly,22.42102065,88.1226193,3.1221,0.0946,1134.993101,0.758913,-1.33006e-05,2.233658e-05,22337531.1,-999999999999.0,-999999999999.0,-999999999999.0,-999999999999.0
45312000025,2025-11-09,Hooghly,22.42102065,88.1226193,0.7139,0.09475,1128.565388,0.820489,2.709491e-05,1.165254e-05,22211028.8,-999999999999.0,-999999999999.0,-999999999999.0,-999999999999.0
45312000035,2023-07-28,Hooghly,22.52253256,88.2359001,-0.1258,0.55986,721.055613,1.182511,-2.65743e-05,7.406518e-05,14159095.0,-999999999999.0,-999999999999.0,-999999999999.0,-999999999999.0
45312000035,2023-09-08,Hooghly,22.52253256,88.2359001,0.9981,0.58938,684.171521,1.061001,1.55723e-05,7.446944e-05,13434816.1,-999999999999.0,-999999999999.0,-999999999999.0,-999999999999.0
45312000035,2023-09-29,Hooghly,22.52253256,88.2359001,-0.0808,0.54972,704.276608,1.004887,4.140712e-05,7.40456e-05,13829612.0,-999999999999.0,-999999999999.0,-999999999999.0,-999999999999.0
45312000035,2023-10-20,Hooghly,22.52253256,88.2359001,2.5286,0.56782,754.768742,1.201688,9.63014e-06,7.418194e-05,14821106.9,-999999999999.0,-999999999999.0,-999999999999.0,-999999999999.0
45312000035,2023-11-10,Hooghly,22.52253256,88.2359001,1.86,0.59877,722.792189,1.164943,2.131861e-05,7.453293e-05,14193195.5,-999999999999.0,-999999999999.0,-999999999999.0,-999999999999.0
45312000035,2023-12-01,Hooghly,22.52253256,88.2359001,-0.2308,0.57981,711.87304,1.193902,2.576856e-05,7.436837e-05,13978780.3,-999999999999.0,-999999999999.0,-999999999999.0,-999999999999.0
45312000035,2023-12-22,Hooghly,22.52253256,88.2359001,0.3911,0.68437,652.186629,0.423829,-2.05893e-05,7.538006e-05,12806740.9,-999999999999.0,-999999999999.0,-999999999999.0,-999999999999.0
45312000035,2024-01-11,Hooghly,22.52253256,88.2359001,2.6146,0.56755,677.471451,1.015245,2.843288e-05,7.419465e-05,13303249.4,-999999999999.0,-999999999999.0,-999999999999.0,-999999999999.0
45312000035,2024-02-01,Hooghly,22.52253256,88.2359001,0.9167,0.69593,650.438164,0.097109,1.305536e-05,8.022216e-05,12772407.0,-999999999999.0,-999999999999.0,-999999999999.0,-999999999999.0
45312000035,2024-04-04,Hooghly,22.52253256,88.2359001,0.422,0.57066,739.324913,1.17541,1.929084e-05,7.426912e-05,14517842.3,-999999999999.0,-999999999999.0,-999999999999.0,-999999999999.0
45312000035,2024-04-25,Hooghly,22.52253256,88.2359001,0.6169,0.57983,739.681393,1.235933,-8.47172e-05,7.437075e-05,14524842.3,-999999999999.0,-999999999999.0,-999999999999.0,-999999999999.0
45312000035,2025-05-26,Hooghly,22.52253256,88.2359001,-1.2075,0.58482,732.896714,1.26042,-0.000171227,7.441741e-05,14391614.2,-999999999999.0,-999999999999.0,-999999999999.0,-999999999999.0
45312000035,2025-06-16,Hooghly,22.52253256,88.2359001,2.5342,0.54668,736.202544,1.176517,3.422974e-05,7.387049e-05,14456529.5,-999999999999.0,-999999999999.0,-999999999999.0,-999999999999.0
45312000035,2025-07-07,Hooghly,22.52253256,88.2359001,1.6996,0.66815,657.842577,0.221987,1.276415e-05,7.969497e-05,12917804.6,-999999999999.0,-999999999999.0,-999999999999.0,-999999999999.0
45312000035,2025-07-28,Hooghly,22.52253256,88.2359001,-0.1298,0.57944,739.532947,1.334798,2.895314e-05,7.438033e-05,14521927.3,-999999999999.0,-999999999999.0,-999999999999.0,-999999999999.0
45312000035,2025-08-18,Hooghly,22.52253256,88.2359001,2.7751,0.57223,756.748033,1.338238,1.651695e-05,7.429779e-05,14859973.4,-999999999999.0,-999999999999.0,-999999999999.0,-999999999999.0
45312000035,2025-09-28,Hooghly,22.52253256,88.2359001,2.0068,0.57641,661.057438,0.648118,-2.24716e-05,7.432139e-05,12980933.6,-999999999999.0,-999999999999.0,-999999999999.0,-999999999999.0
45312000035,2025-10-19,Hooghly,22.52253256,88.2359001,2.4602,0.64783,706.491719,0.697453,-5.93499e-05,7.573099e-05,13873109.3,-999999999999.0,-999999999999.0,-999999999999.0,-999999999999.0
45312000035,2025-10-19,Hooghly,22.52253256,88.2359001,2.4602,0.64783,706.491719,0.697453,-5.93499e-05,7.573099e-05,13873109.3,-999999999999.0,-999999999999.0,-999999999999.0,-999999999999.0
45312000035,2025-10-19,Hooghly,22.52253256,88.2359001,2.4602,0.64783,706.491719,0.697453,-5.93499e-05,7.573099e-05,13873109.3,-999999999999.0,-999999999999.0,-999999999999.0,-999999999999.0
45312000035,2025-10-19,Hooghly,22.52253256,88.2359001,2.4602,0.64783,706.491719,0.697453,-5.93499e-05,7.573099e-05,13873109.3,-999999999999.0,-999999999999.0,-999999999999.0,-999999999999.0
45312000035,2025-11-09,Hooghly,22.52253256,88.2359001,1.2764,0.55902,701.379523,1.011589,2.76203e-05,7.402644e-05,13772723.1,-999999999999.0,-999999999999.0,-999999999999.0,-999999999999.0
45312000045,2023-07-28,Hooghly,22.60111047,88.3412577,-999999999999.0,-999999999999.0,-999999999999.0,-999999999999.0,-999999999999.0,-999999999999.0,-999999999999.0,-999999999999.0,-999999999999.0,-999999999999.0,-999999999999.0
45312000045,2023-09-08,Hooghly,22.60111047,88.3412577,-999999999999.0,-999999999999.0,-999999999999.0,-999999999999.0,-999999999999.0,-999999999999.0,-999999999999.0,-999999999999.0,-999999999999.0,-999999999999.0,-999999999999.0
45312000045,2023-09-29,Hooghly,22.60111047,88.3412577,-999999999999.0,-999999999999.0,-999999999999.0,-999999999999.0,-999999999999.0,-999999999999.0,-999999999999.0,-999999999999.0,-999999999999.0,-999999999999.0,-999999999999.0
45312000045,2023-10-20,Hooghly,22.60111047,88.3412577,-999999999999.0,-999999999999.0,-999999999999.0,-999999999999.0,-999999999999.0,-999999999999.0,-999999999999.0,-999999999999.0,-999999999999.0,-999999999999.0,-999999999999.0
45312000045,2023-11-10,Hooghly,22.60111047,88.3412577,-999999999999.0,-999999999999.0,-999999999999.0,-999999999999.0,-999999999999.0,-999999999999.0,-999999999999.0,-999999999999.0,-999999999999.0,-999999999999.0,-999999999999.0
45312000045,2023-12-01,Hooghly,22.60111047,88.3412577,-999999999999.0,-999999999999.0,-999999999999.0,-999999999999.0,-999999999999.0,-999999999999.0,-999999999999.0,-999999999999.0,-999999999999.0,-999999999999.0,-999999999999.0
45312000045,2023-12-22,Hooghly,22.60111047,88.3412577,-999999999999.0,-999999999999.0,-999999999999.0,-999999999999.0,-999999999999.0,-999999999999.0,-999999999999.0,-999999999999.0,-999999999999.0,-999999999999.0,-999999999999.0
45312000045,2024-01-11,Hooghly,22.60111047,88.3412577,-999999999999.0,-999999999999.0,-999999999999.0,-999999999999.0,-999999999999.0,-999999999999.0,-999999999999.0,-999999999999.0,-999999999999.0,-999999999999.0,-999999999999.0
45312000045,2024-02-01,Hooghly,22.60111047,88.3412577,-999999999999.0,-999999999999.0,-999999999999.0,-999999999999.0,-999999999999.0,-999999999999.0,-999999999999.0,-999999999999.0,-999999999999.0,-999999999999.0,-999999999999.0
45312000045,2024-04-04,Hooghly,22.60111047,88.3412577,-999999999999.0,-999999999999.0,-999999999999.0,-999999999999.0,-999999999999.0,-999999999999.0,-999999999999.0,-999999999999.0,-999999999999.0,-999999999999.0,-999999999999.0
45312000045,2024-04-25,Hooghly,22.60111047,88.3412577,-999999999999.0,-999999999999.0,-999999999999.0,-999999999999.0,-999999999999.0,-999999999999.0,-999999999999.0,-999999999999.0,-999999999999.0,-999999999999.0,-999999999999.0
45312000045,2025-05-26,Hooghly,22.60111047,88.3412577,-999999999999.0,-999999999999.0,-999999999999.0,-999999999999.0,-999999999999.0,-999999999999.0,-999999999999.0,-999999999999.0,-999999999999.0,-999999999999.0,-999999999999.0
45312000045,2025-06-16,Hooghly,22.60111047,88.3412577,-999999999999.0,-999999999999.0,-999999999999.0,-999999999999.0,-999999999999.0,-999999999999.0,-999999999999.0,-999999999999.0,-999999999999.0,-999999999999.0,-999999999999.0
45312000045,2025-07-07,Hooghly,22.60111047,88.3412577,-999999999999.0,-999999999999.0,-999999999999.0,-999999999999.0,-999999999999.0,-999999999999.0,-999999999999.0,-999999999999.0,-999999999999.0,-999999999999.0,-999999999999.0
45312000045,2025-07-28,Hooghly,22.60111047,88.3412577,-999999999999.0,-999999999999.0,-999999999999.0,-999999999999.0,-999999999999.0,-999999999999.0,-999999999999.0,-999999999999.0,-999999999999.0,-999999999999.0,-999999999999.0
45312000045,2025-08-18,Hooghly,22.60111047,88.3412577,-999999999999.0,-999999999999.0,-999999999999.0,-999999999999.0,-999999999999.0,-999999999999.0,-999999999999.0,-999999999999.0,-999999999999.0,-999999999999.0,-999999999999.0
45312000045,2025-09-28,Hooghly,22.60111047,88.3412577,-999999999999.0,-999999999999.0,-999999999999.0,-999999999999.0,-999999999999.0,-999999999999.0,-999999999999.0,-999999999999.0,-999999999999.0,-999999999999.0,-999999999999.0
45312000045,2025-10-19,Hooghly,22.60111047,88.3412577,-999999999999.0,-999999999999.0,-999999999999.0,-999999999999.0,-999999999999.0,-999999999999.0,-999999999999.0,-999999999999.0,-999999999999.0,-999999999999.0,-999999999999.0
45312000045,2025-10-19,Hooghly,22.60111047,88.3412577,-999999999999.0,-999999999999.0,-999999999999.0,-999999999999.0,-999999999999.0,-999999999999.0,-999999999999.0,-999999999999.0,-999999999999.0,-999999999999.0,-999999999999.0
45312000045,2025-10-19,Hooghly,22.60111047,88.3412577,-999999999999.0,-999999999999.0,-999999999999.0,-999999999999.0,-999999999999.0,-999999999999.0,-999999999999.0,-999999999999.0,-999999999999.0,-999999999999.0,-999999999999.0
45312000045,2025-10-19,Hooghly,22.60111047,88.3412577,-999999999999.0,-999999999999.0,-999999999999.0,-999999999999.0,-999999999999.0,-999999999999.0,-999999999999.0,-999999999999.0,-999999999999.0,-999999999999.0,-999999999999.0
45312000045,2025-11-09,Hooghly,22.60111047,88.3412577,-999999999999.0,-999999999999.0,-999999999999.0,-999999999999.0,-999999999999.0,-999999999999.0,-999999999999.0,-999999999999.0,-999999999999.0,-999999999999.0,-999999999999.0
45312000055,2023-07-28,Hooghly,22.75797615,88.3569098,-999999999999.0,-999999999999.0,-999999999999.0,-999999999999.0,-999999999999.0,-999999999999.0,-999999999999.0,-999999999999.0,-999999999999.0,-999999999999.0,-999999999999.0
45312000055,2023-09-08,Hooghly,22.75797615,88.3569098,-999999999999.0,-999999999999.0,-999999999999.0,-999999999999.0,-999999999999.0,-999999999999.0,-999999999999.0,-999999999999.0,-999999999999.0,-999999999999.0,-999999999999.0
45312000055,2023-09-29,Hooghly,22.75797615,88.3569098,-999999999999.0,-999999999999.0,-999999999999.0,-999999999999.0,-999999999999.0,-999999999999.0,-999999999999.0,-999999999999.0,-999999999999.0,-999999999999.0,-999999999999.0
45312000055,2023-10-20,Hooghly,22.75797615,88.3569098,-999999999999.0,-999999999999.0,-999999999999.0,-999999999999.0,-999999999999.0,-999999999999.0,-999999999999.0,-999999999999.0,-999999999999.0,-999999999999.0,-999999999999.0
45312000055,2023-11-10,Hooghly,22.75797615,88.3569098,-999999999999.0,-999999999999.0,-999999999999.0,-999999999999.0,-999999999999.0,-999999999999.0,-999999999999.0,-999999999999.0,-999999999999.0,-999999999999.0,-999999999999.0
45312000055,2023-12-01,Hooghly,22.75797615,88.3569098,-999999999999.0,-999999999999.0,-999999999999.0,-999999999999.0,-999999999999.0,-999999999999.0,-999999999999.0,-999999999999.0,-999999999999.0,-999999999999.0,-999999999999.0
45312000055,2023-12-22,Hooghly,22.75797615,88.3569098,-999999999999.0,-999999999999.0,-999999999999.0,-999999999999.0,-999999999999.0,-999999999999.0,-999999999999.0,-999999999999.0,-999999999999.0,-999999999999.0,-999999999999.0
45312000055,2024-01-11,Hooghly,22.75797615,88.3569098,-999999999999.0,-999999999999.0,-999999999999.0,-999999999999.0,-999999999999.0,-999999999999.0,-999999999999.0,-999999999999.0,-999999999999.0,-999999999999.0,-999999999999.0
45312000055,2024-02-01,Hooghly,22.75797615,88.3569098,-999999999999.0,-999999999999.0,-999999999999.0,-999999999999.0,-999999999999.0,-999999999999.0,-999999999999.0,-999999999999.0,-999999999999.0,-999999999999.0,-999999999999.0
45312000055,2024-04-04,Hooghly,22.75797615,88.3569098,-999999999999.0,-999999999999.0,-999999999999.0,-999999999999.0,-999999999999.0,-999999999999.0,-999999999999.0,-999999999999.0,-999999999999.0,-999999999999.0,-999999999999.0
45312000055,2024-04-25,Hooghly,22.75797615,88.3569098,-999999999999.0,-999999999999.0,-999999999999.0,-999999999999.0,-999999999999.0,-999999999999.0,-999999999999.0,-999999999999.0,-999999999999.0,-999999999999.0,-999999999999.0
45312000055,2025-05-26,Hooghly,22.75797615,88.3569098,-999999999999.0,-999999999999.0,-999999999999.0,-999999999999.0,-999999999999.0,-999999999999.0,-999999999999.0,-999999999999.0,-999999999999.0,-999999999999.0,-999999999999.0
45312000055,2025-06-16,Hooghly,22.75797615,88.3569098,-999999999999.0,-999999999999.0,-999999999999.0,-999999999999.0,-999999999999.0,-999999999999.0,-999999999999.0,-999999999999.0,-999999999999.0,-999999999999.0,-999999999999.0
45312000055,2025-07-07,Hooghly,22.75797615,88.3569098,-999999999999.0,-999999999999.0,-999999999999.0,-999999999999.0,-999999999999.0,-999999999999.0,-999999999999.0,-999999999999.0,-999999999999.0,-999999999999.0,-999999999999.0
45312000055,2025-07-28,Hooghly,22.75797615,88.3569098,-999999999999.0,-999999999999.0,-999999999999.0,-999999999999.0,-999999999999.0,-999999999999.0,-999999999999.0,-999999999999.0,-999999999999.0,-999999999999.0,-999999999999.0
45312000055,2025-08-18,Hooghly,22.75797615,88.3569098,-999999999999.0,-999999999999.0,-999999999999.0,-999999999999.0,-999999999999.0,-999999999999.0,-999999999999.0,-999999999999.0,-999999999999.0,-999999999999.0,-999999999999.0
45312000055,2025-09-28,Hooghly,22.75797615,88.3569098,-999999999999.0,-999999999999.0,-999999999999.0,-999999999999.0,-999999999999.0,-999999999999.0,-999999999999.0,-999999999999.0,-999999999999.0,-999999999999.0,-999999999999.0
45312000055,2025-10-19,Hooghly,22.75797615,88.3569098,-999999999999.0,-999999999999.0,-999999999999.0,-999999999999.0,-999999999999.0,-999999999999.0,-999999999999.0,-999999999999.0,-999999999999.0,-999999999999.0,-999999999999.0
45312000055,2025-10-19,Hooghly,22.75797615,88.3569098,-999999999999.0,-999999999999.0,-999999999999.0,-999999999999.0,-999999999999.0,-999999999999.0,-999999999999.0,-999999999999.0,-999999999999.0,-999999999999.0,-999999999999.0
45312000055,2025-10-19,Hooghly,22.75797615,88.3569098,-999999999999.0,-999999999999.0,-999999999999.0,-999999999999.0,-999999999999.0,-999999999999.0,-999999999999.0,-999999999999.0,-999999999999.0,-999999999999.0,-999999999999.0
45312000055,2025-10-19,Hooghly,22.75797615,88.3569098,-999999999999.0,-999999999999.0,-999999999999.0,-999999999999.0,-999999999999.0,-999999999999.0,-999999999999.0,-999999999999.0,-999999999999.0,-999999999999.0,-999999999999.0
45312000055,2025-11-09,Hooghly,22.75797615,88.3569098,-999999999999.0,-999999999999.0,-999999999999.0,-999999999999.0,-999999999999.0,-999999999999.0,-999999999999.0,-999999999999.0,-999999999999.0,-999999999999.0,-999999999999.0
45312000065,2023-07-28,Hooghly,22.89575126,88.395174,-999999999999.0,-999999999999.0,-999999999999.0,-999999999999.0,-999999999999.0,-999999999999.0,-999999999999.0,-999999999999.0,-999999999999.0,-999999999999.0,-999999999999.0
45312000065,2023-09-08,Hooghly,22.89575126,88.395174,-999999999999.0,-999999999999.0,-999999999999.0,-999999999999.0,-999999999999.0,-999999999999.0,-999999999999.0,-999999999999.0,-999999999999.0,-999999999999.0,-999999999999.0
45312000065,2023-09-29,Hooghly,22.89575126,88.395174,-999999999999.0,-999999999999.0,-999999999999.0,-999999999999.0,-999999999999.0,-999999999999.0,-999999999999.0,-999999999999.0,-999999999999.0,-999999999999.0,-999999999999.0
45312000065,2023-10-20,Hooghly,22.89575126,88.395174,-999999999999.0,-999999999999.0,-999999999999.0,-999999999999.0,-999999999999.0,-999999999999.0,-999999999999.0,-999999999999.0,-999999999999.0,-999999999999.0,-999999999999.0
45312000065,2023-11-10,Hooghly,22.89575126,88.395174,-999999999999.0,-999999999999.0,-999999999999.0,-999999999999.0,-999999999999.0,-999999999999.0,-999999999999.0,-999999999999.0,-999999999999.0,-999999999999.0,-999999999999.0
45312000065,2023-12-01,Hooghly,22.89575126,88.395174,-999999999999.0,-999999999999.0,-999999999999.0,-999999999999.0,-999999999999.0,-999999999999.0,-999999999999.0,-999999999999.0,-999999999999.0,-999999999999.0,-999999999999.0
45312000065,2023-12-22,Hooghly,22.89575126,88.395174,-999999999999.0,-999999999999.0,-999999999999.0,-999999999999.0,-999999999999.0,-999999999999.0,-999999999999.0,-999999999999.0,-999999999999.0,-999999999999.0,-999999999999.0
45312000065,2024-01-11,Hooghly,22.89575126,88.395174,-999999999999.0,-999999999999.0,-999999999999.0,-999999999999.0,-999999999999.0,-999999999999.0,-999999999999.0,-999999999999.0,-999999999999.0,-999999999999.0,-999999999999.0
45312000065,2024-02-01,Hooghly,22.89575126,88.395174,-999999999999.0,-999999999999.0,-999999999999.0,-999999999999.0,-999999999999.0,-999999999999.0,-999999999999.0,-999999999999.0,-999999999999.0,-999999999999.0,-999999999999.0
45312000065,2024-04-04,Hooghly,22.89575126,88.395174,-999999999999.0,-999999999999.0,-999999999999.0,-999999999999.0,-999999999999.0,-999999999999.0,-999999999999.0,-999999999999.0,-999999999999.0,-999999999999.0,-999999999999.0
45312000065,2024-04-25,Hooghly,22.89575126,88.395174,-999999999999.0,-999999999999.0,-999999999999.0,-999999999999.0,-999999999999.0,-999999999999.0,-999999999999.0,-999999999999.0,-999999999999.0,-999999999999.0,-999999999999.0
45312000065,2025-05-26,Hooghly,22.89575126,88.395174,-999999999999.0,-999999999999.0,-999999999999.0,-999999999999.0,-999999999999.0,-999999999999.0,-999999999999.0,-999999999999.0,-999999999999.0,-999999999999.0,-999999999999.0
45312000065,2025-06-16,Hooghly,22.89575126,88.395174,-999999999999.0,-999999999999.0,-999999999999.0,-999999999999.0,-999999999999.0,-999999999999.0,-999999999999.0,-999999999999.0,-999999999999.0,-999999999999.0,-999999999999.0
45312000065,2025-07-07,Hooghly,22.89575126,88.395174,-999999999999.0,-999999999999.0,-999999999999.0,-999999999999.0,-999999999999.0,-999999999999.0,-999999999999.0,-999999999999.0,-999999999999.0,-999999999999.0,-999999999999.0
45312000065,2025-07-28,Hooghly,22.89575126,88.395174,-999999999999.0,-999999999999.0,-999999999999.0,-999999999999.0,-999999999999.0,-999999999999.0,-999999999999.0,-999999999999.0,-999999999999.0,-999999999999.0,-999999999999.0
45312000065,2025-08-18,Hooghly,22.89575126,88.395174,-999999999999.0,-999999999999.0,-999999999999.0,-999999999999.0,-999999999999.0,-999999999999.0,-999999999999.0,-999999999999.0,-999999999999.0,-999999999999.0,-999999999999.0
45312000065,2025-09-28,Hooghly,22.89575126,88.395174,-999999999999.0,-999999999999.0,-999999999999.0,-999999999999.0,-999999999999.0,-999999999999.0,-999999999999.0,-999999999999.0,-999999999999.0,-999999999999.0,-999999999999.0
45312000065,2025-10-19,Hooghly,22.89575126,88.395174,-999999999999.0,-999999999999.0,-999999999999.0,-999999999999.0,-999999999999.0,-999999999999.0,-999999999999.0,-999999999999.0,-999999999999.0,-999999999999.0,-999999999999.0
45312000065,2025-10-19,Hooghly,22.89575126,88.395174,-999999999999.0,-999999999999.0,-999999999999.0,-999999999999.0,-999999999999.0,-999999999999.0,-999999999999.0,-999999999999.0,-999999999999.0,-999999999999.0,-999999999999.0
45312000065,2025-10-19,Hooghly,22.89575126,88.395174,-999999999999.0,-999999999999.0,-999999999999.0,-999999999999.0,-999999999999.0,-999999999999.0,-999999999999.0,-999999999999.0,-999999999999.0,-999999999999.0,-999999999999.0
45312000065,2025-10-19,Hooghly,22.89575126,88.395174,-999999999999.0,-999999999999.0,-999999999999.0,-999999999999.0,-999999999999.0,-999999999999.0,-999999999999.0,-999999999999.0,-999999999999.0,-999999999999.0,-999999999999.0
45312000065,2025-11-09,Hooghly,22.89575126,88.395174,-999999999999.0,-999999999999.0,-999999999999.0,-999999999999.0,-999999999999.0,-999999999999.0,-999999999999.0,-999999999999.0,-999999999999.0,-999999999999.0,-999999999999.0
45312000095,2023-07-28,Hooghly,23.22926689,88.3961422,4.0156,0.74185,295.474212,0.966692,2.106442e-05,8.108117e-05,5804401.9,-999999999999.0,-999999999999.0,-999999999999.0,-999999999999.0
45312000095,2023-09-08,Hooghly,23.22926689,88.3961422,4.8488,0.76402,293.884152,1.134634,3.003343e-05,7.822848e-05,5773166.2,-999999999999.0,-999999999999.0,-999999999999.0,-999999999999.0
45312000095,2023-09-29,Hooghly,23.22926689,88.3961422,5.6804,0.73307,310.782724,0.709732,5.86535e-05,7.901557e-05,6105127.8,-999999999999.0,-999999999999.0,-999999999999.0,-999999999999.0
45312000095,2023-10-20,Hooghly,23.22926689,88.3961422,4.8847,0.74985,310.331151,1.076235,1.325486e-05,7.662362e-05,6096257.0,-999999999999.0,-999999999999.0,-999999999999.0,-999999999999.0
45312000095,2023-11-10,Hooghly,23.22926689,88.3961422,4.2678,0.77106,274.809175,0.970839,-5.6092e-06,7.757678e-05,5398450.5,-999999999999.0,-999999999999.0,-999999999999.0,-999999999999.0
45312000095,2023-12-01,Hooghly,23.22926689,88.3961422,4.4305,0.76097,322.761729,1.19228,-1.58971e-05,7.724684e-05,6340447.7,-999999999999.0,-999999999999.0,-999999999999.0,-999999999999.0
45312000095,2023-12-22,Hooghly,23.22926689,88.3961422,3.9206,0.74935,284.937343,0.589987,4.219856e-05,7.854603e-05,5597411.9,-999999999999.0,-999999999999.0,-999999999999.0,-999999999999.0
45312000095,2024-01-11,Hooghly,23.22926689,88.3961422,4.262,0.76487,292.447729,0.497769,2.283883e-05,7.852541e-05,5744948.6,-999999999999.0,-999999999999.0,-999999999999.0,-999999999999.0
45312000095,2024-02-01,Hooghly,23.22926689,88.3961422,7.5211,0.78607,277.346551,0.297719,5.578123e-05,8.402616e-05,5448295.6,-999999999999.0,-999999999999.0,-999999999999.0,-999999999999.0
45312000095,2024-04-04,Hooghly,23.22926689,88.3961422,3.0645,0.76176,304.511719,0.998826,0.00010851073,7.819108e-05,5981938.0,-999999999999.0,-999999999999.0,-999999999999.0,-999999999999.0
45312000095,2024-04-25,Hooghly,23.22926689,88.3961422,3.6942,0.77961,270.165974,0.929618,2.205261e-05,8.103967e-05,5307237.8,-999999999999.0,-999999999999.0,-999999999999.0,-999999999999.0
45312000095,2025-05-26,Hooghly,23.22926689,88.3961422,14.346,0.7826,300.584768,0.511763,-0.0008722137,8.507543e-05,5904795.5,-999999999999.0,-999999999999.0,-999999999999.0,-999999999999.0
45312000095,2025-06-16,Hooghly,23.22926689,88.3961422,3.723,0.73684,288.245438,0.790953,6.611191e-05,7.847946e-05,5662397.3,-999999999999.0,-999999999999.0,-999999999999.0,-999999999999.0
45312000095,2025-07-07,Hooghly,23.22926689,88.3961422,-999999999999.0,-999999999999.0,263.361366,0.076944,-999999999999.0,-999999999999.0,5173565.6,-999999999999.0,-999999999999.0,-999999999999.0,-999999999999.0
45312000095,2025-07-28,Hooghly,23.22926689,88.3961422,6.0235,0.75962,372.026839,1.391889,9.177306e-05,7.641529e-05,7308229.3,-999999999999.0,-999999999999.0,-999999999999.0,-999999999999.0
45312000095,2025-08-18,Hooghly,23.22926689,88.3961422,6.3712,0.75028,465.121968,1.675197,8.770983e-05,7.628459e-05,9137023.6,-999999999999.0,-999999999999.0,-999999999999.0,-999999999999.0
45312000095,2025-09-28,Hooghly,23.22926689,88.3961422,6.5612,0.80941,299.291858,1.027213,-7.61996e-05,7.761844e-05,5879397.1,-999999999999.0,-999999999999.0,-999999999999.0,-999999999999.0
45312000095,2025-10-19,Hooghly,23.22926689,88.3961422,6.665,0.79709,294.516775,0.440527,-8.65359e-05,7.906246e-05,5785593.7,-999999999999.0,-999999999999.0,-999999999999.0,-999999999999.0
45312000095,2025-10-19,Hooghly,23.22926689,88.3961422,6.665,0.79709,294.516775,0.440527,-8.65359e-05,7.906246e-05,5785593.7,-999999999999.0,-999999999999.0,-999999999999.0,-999999999999.0
45312000095,2025-10-19,Hooghly,23.22926689,88.3961422,6.665,0.79709,294.516775,0.440527,-8.65359e-05,7.906246e-05,5785593.7,-999999999999.0,-999999999999.0,-999999999999.0,-999999999999.0
45312000095,2025-10-19,Hooghly,23.22926689,88.3961422,6.665,0.79709,294.516775,0.440527,-8.65359e-05,7.906246e-05,5785593.7,-999999999999.0,-999999999999.0,-999999999999.0,-999999999999.0
45312000095,2025-11-09,Hooghly,23.22926689,88.3961422,6.8629,0.80057,267.733139,0.554058,-0.0001807372,7.806593e-05,5259446.3,-999999999999.0,-999999999999.0,-999999999999.0,-999999999999.0
45312000115,2023-07-28,Hooghly,23.30637423,88.3443019,4.4405,0.10873,425.969201,0.798571,6.153652e-05,5.97912e-05,3730115.6,-999999999999.0,-999999999999.0,-999999999999.0,-999999999999.0
45312000115,2023-09-08,Hooghly,23.30637423,88.3443019,5.4553,0.10839,405.225365,0.812224,5.532784e-05,5.302312e-05,3548466.5,-999999999999.0,-999999999999.0,-999999999999.0,-999999999999.0
45312000115,2023-09-29,Hooghly,23.30637423,88.3443019,5.6931,0.25006,373.074007,0.46974,-0.0001923961,0.00011668534,3266924.4,-999999999999.0,-999999999999.0,-999999999999.0,-999999999999.0
45312000115,2023-10-20,Hooghly,23.30637423,88.3443019,5.3279,0.10298,446.735056,0.901083,6.006603e-05,6.653149e-05,3911957.4,-999999999999.0,-999999999999.0,-999999999999.0,-999999999999.0
45312000115,2023-11-10,Hooghly,23.30637423,88.3443019,4.6075,0.1193,371.35697,0.64721,6.80169e-05,5.224588e-05,3251888.7,-999999999999.0,-999999999999.0,-999999999999.0,-999999999999.0
45312000115,2023-12-01,Hooghly,23.30637423,88.3443019,4.6047,0.10531,433.321939,0.86223,4.912596e-05,5.379825e-05,3794501.8,-999999999999.0,-999999999999.0,-999999999999.0,-999999999999.0
45312000115,2023-12-22,Hooghly,23.30637423,88.3443019,4.9141,0.16741,381.98335,0.341381,7.123077e-05,9.930938e-05,3344941.5,-999999999999.0,-999999999999.0,-999999999999.0,-999999999999.0
45312000115,2024-01-11,Hooghly,23.30637423,88.3443019,4.7125,0.16569,395.860135,0.400025,3.072714e-05,8.557568e-05,3466457.3,-999999999999.0,-999999999999.0,-999999999999.0,-999999999999.0
45312000115,2024-02-01,Hooghly,23.30637423,88.3443019,5.4137,0.23958,371.708113,0.150551,-5.0593e-06,9.986823e-05,3254963.5,-999999999999.0,-999999999999.0,-999999999999.0,-999999999999.0
45312000115,2024-04-04,Hooghly,23.30637423,88.3443019,4.1856,0.10228,448.718295,0.872357,6.385467e-05,5.289372e-05,3929324.2,-999999999999.0,-999999999999.0,-999999999999.0,-999999999999.0
45312000115,2024-04-25,Hooghly,23.30637423,88.3443019,4.1641,0.107,416.016733,0.796762,4.770942e-05,6.792114e-05,3642964.1,-999999999999.0,-999999999999.0,-999999999999.0,-999999999999.0
45312000115,2025-05-26,Hooghly,23.30637423,88.3443019,6.3332,0.24321,368.391457,0.212945,-0.0001420519,0.00011417095,3225920.3,-999999999999.0,-999999999999.0,-999999999999.0,-999999999999.0
45312000115,2025-06-16,Hooghly,23.30637423,88.3443019,4.5575,0.12204,422.522145,0.78423,5.673761e-05,8.457703e-05,3699930.5,-999999999999.0,-999999999999.0,-999999999999.0,-999999999999.0
45312000115,2025-07-07,Hooghly,23.30637423,88.3443019,2.6409,0.51786,358.055176,0.11009,6.551989e-05,0.00014967719,3135407.9,-999999999999.0,-999999999999.0,-999999999999.0,-999999999999.0
45312000115,2025-07-28,Hooghly,23.30637423,88.3443019,7.0702,0.10193,546.195613,1.235474,5.421168e-05,3.930891e-05,4782911.0,-999999999999.0,-999999999999.0,-999999999999.0,-999999999999.0
45312000115,2025-08-18,Hooghly,23.30637423,88.3443019,7.5267,0.09876,684.022887,1.382089,6.83157e-05,4.9993e-05,5989833.1,-999999999999.0,-999999999999.0,-999999999999.0,-999999999999.0
45312000115,2025-09-28,Hooghly,23.30637423,88.3443019,6.212,0.1252,453.831919,0.901301,7.230107e-05,5.377346e-05,3974103.1,-999999999999.0,-999999999999.0,-999999999999.0,-999999999999.0
45312000115,2025-10-19,Hooghly,23.30637423,88.3443019,5.9469,0.156,406.252997,0.514872,1.143097e-05,7.629607e-05,3557465.2,-999999999999.0,-999999999999.0,-999999999999.0,-999999999999.0
45312000115,2025-10-19,Hooghly,23.30637423,88.3443019,5.9469,0.156,406.252997,0.514872,1.143097e-05,7.629607e-05,3557465.2,-999999999999.0,-999999999999.0,-999999999999.0,-999999999999.0
45312000115,2025-10-19,Hooghly,23.30637423,88.3443019,5.9469,0.156,406.252997,0.514872,1.143097e-05,7.629607e-05,3557465.2,-999999999999.0,-999999999999.0,-999999999999.0,-999999999999.0
45312000115,2025-10-19,Hooghly,23.30637423,88.3443019,5.9469,0.156,406.252997,0.514872,1.143097e-05,7.629607e-05,3557465.2,-999999999999.0,-999999999999.0,-999999999999.0,-999999999999.0
45312000115,2025-11-09,Hooghly,23.30637423,88.3443019,5.5296,0.1357,397.622646,0.525135,0.00012376301,8.518894e-05,3481891.2,-999999999999.0,-999999999999.0,-999999999999.0,-999999999999.0
45312000125,2023-07-28,Hooghly,23.34132796,88.3524085,4.8659,0.24299,343.23076,0.858371,3.550553e-05,0.00012453874,3020055.7,-999999999999.0,-999999999999.0,-999999999999.0,-999999999999.0
45312000125,2023-09-08,Hooghly,23.34132796,88.3524085,5.8662,0.26532,375.486854,1.026605,3.301657e-05,0.00012785715,3303874.1,-999999999999.0,-999999999999.0,-999999999999.0,-999999999999.0
45312000125,2023-09-29,Hooghly,23.34132796,88.3524085,6.7716,0.21052,409.900217,1.586367,1.414964e-05,0.00013801762,3606674.1,-999999999999.0,-999999999999.0,-999999999999.0,-999999999999.0
45312000125,2023-10-20,Hooghly,23.34132796,88.3524085,5.7091,0.26408,404.3418,1.112478,3.63296e-05,0.00012317912,3557766.1,-999999999999.0,-999999999999.0,-999999999999.0,-999999999999.0
45312000125,2023-11-10,Hooghly,23.34132796,88.3524085,5.0835,0.30022,398.633153,1.003388,5.071899e-05,0.00012815712,3507536.2,-999999999999.0,-999999999999.0,-999999999999.0,-999999999999.0
45312000125,2023-12-01,Hooghly,23.34132796,88.3524085,4.9599,0.24836,403.447774,1.05793,3.328292e-05,0.00012095042,3549899.6,-999999999999.0,-999999999999.0,-999999999999.0,-999999999999.0
45312000125,2023-12-22,Hooghly,23.34132796,88.3524085,5.1631,0.21343,359.866168,0.840276,5.35788e-05,0.00013919093,3166429.1,-999999999999.0,-999999999999.0,-999999999999.0,-999999999999.0
45312000125,2024-01-11,Hooghly,23.34132796,88.3524085,5.0596,0.2338,379.163263,0.878343,3.014777e-05,0.00014482826,3336222.5,-999999999999.0,-999999999999.0,-999999999999.0,-999999999999.0
45312000125,2024-02-01,Hooghly,23.34132796,88.3524085,5.7425,0.41036,341.309475,0.132209,1.418469e-05,0.00015627676,3003150.5,-999999999999.0,-999999999999.0,-999999999999.0,-999999999999.0
45312000125,2024-04-04,Hooghly,23.34132796,88.3524085,4.6818,0.23759,349.067226,0.660545,9.524452e-05,0.00012094285,3071410.2,-999999999999.0,-999999999999.0,-999999999999.0,-999999999999.0
45312000125,2024-04-25,Hooghly,23.34132796,88.3524085,4.4733,0.24841,383.351556,0.982369,4.36312e-05,0.00012103567,3373074.9,-999999999999.0,-999999999999.0,-999999999999.0,-999999999999.0
45312000125,2025-05-26,Hooghly,23.34132796,88.3524085,6.396,0.27867,352.30321,0.506407,5.320327e-05,0.00014116736,3099883.3,-999999999999.0,-999999999999.0,-999999999999.0,-999999999999.0
45312000125,2025-06-16,Hooghly,23.34132796,88.3524085,4.9606,0.32836,335.921609,0.522283,3.829874e-05,0.00013054142,2955743.2,-999999999999.0,-999999999999.0,-999999999999.0,-999999999999.0
45312000125,2025-07-07,Hooghly,23.34132796,88.3524085,8.0594,0.46336,344.153631,0.258159,0.00074752245,0.00015963078,3028176.0,-999999999999.0,-999999999999.0,-999999999999.0,-999999999999.0
45312000125,2025-07-28,Hooghly,23.34132796,88.3524085,7.5553,0.24777,429.106712,1.261403,5.999893e-05,0.00012138814,3775670.2,-999999999999.0,-999999999999.0,-999999999999.0,-999999999999.0
45312000125,2025-08-18,Hooghly,23.34132796,88.3524085,8.0906,0.24606,512.414125,1.402309,6.849947e-05,0.00012081168,4508684.5,-999999999999.0,-999999999999.0,-999999999999.0,-999999999999.0
45312000125,2025-09-28,Hooghly,23.34132796,88.3524085,6.7089,0.27815,404.547111,1.069595,3.614797e-05,0.00012552742,3559572.6,-999999999999.0,-999999999999.0,-999999999999.0,-999999999999.0
45312000125,2025-10-19,Hooghly,23.34132796,88.3524085,6.7537,0.30474,352.883805,0.447684,0.00026074911,0.00014637517,3104991.9,-999999999999.0,-999999999999.0,-999999999999.0,-999999999999.0
45312000125,2025-10-19,Hooghly,23.34132796,88.3524085,6.7537,0.30474,352.883805,0.447684,0.00026074911,0.00014637517,3104991.9,-999999999999.0,-999999999999.0,-999999999999.0,-999999999999.0
45312000125,2025-10-19,Hooghly,23.34132796,88.3524085,6.7537,0.30474,352.883805,0.447684,0.00026074911,0.00014637517,3104991.9,-999999999999.0,-999999999999.0,-999999999999.0,-999999999999.0
45312000125,2025-10-19,Hooghly,23.34132796,88.3524085,6.7537,0.30474,352.883805,0.447684,0.00026074911,0.00014637517,3104991.9,-999999999999.0,-999999999999.0,-999999999999.0,-999999999999.0
45312000125,2025-11-09,Hooghly,23.34132796,88.3524085,5.8294,0.22047,401.909863,0.914978,5.370966e-05,0.00013757862,3536367.7,-999999999999.0,-999999999999.0,-999999999999.0,-999999999999.0
45312000135,2023-07-28,Hooghly,23.37572278,88.3666118,5.5186,0.11385,390.573057,0.686285,9.132649e-05,6.521591e-05,3437647.3,-999999999999.0,-999999999999.0,-999999999999.0,-999999999999.0
45312000135,2023-09-08,Hooghly,23.37572278,88.3666118,6.5418,0.18202,384.431975,0.857733,9.173056e-05,0.00013182824,3383596.3,-999999999999.0,-999999999999.0,-999999999999.0,-999999999999.0
45312000135,2023-09-29,Hooghly,23.37572278,88.3666118,8.2012,0.14412,402.927788,1.037711,-0.0001773191,7.202344e-05,3546388.1,-999999999999.0,-999999999999.0,-999999999999.0,-999999999999.0
45312000135,2023-10-20,Hooghly,23.37572278,88.3666118,6.3547,0.11784,366.836949,0.797357,5.792309e-05,9.379434e-05,3228732.8,-999999999999.0,-999999999999.0,-999999999999.0,-999999999999.0
45312000135,2023-11-10,Hooghly,23.37572278,88.3666118,5.8852,0.25272,356.016979,0.579321,2.75263e-06,0.00014639278,3133500.3,-999999999999.0,-999999999999.0,-999999999999.0,-999999999999.0
45312000135,2023-12-01,Hooghly,23.37572278,88.3666118,5.5882,0.16351,376.283939,0.833113,6.86809e-05,0.00011984778,3311881.0,-999999999999.0,-999999999999.0,-999999999999.0,-999999999999.0
45312000135,2023-12-22,Hooghly,23.37572278,88.3666118,5.885,0.21952,350.070339,0.264873,5.237537e-05,0.0001089311,3081160.7,-999999999999.0,-999999999999.0,-999999999999.0,-999999999999.0
45312000135,2024-01-11,Hooghly,23.37572278,88.3666118,5.8514,0.23978,345.621715,0.215299,4.821486e-05,0.00012527101,3042005.9,-999999999999.0,-999999999999.0,-999999999999.0,-999999999999.0
45312000135,2024-02-01,Hooghly,23.37572278,88.3666118,6.7781,0.26392,317.007527,0.127175,-4.25772e-05,0.00011277201,2790156.8,-999999999999.0,-999999999999.0,-999999999999.0,-999999999999.0
45312000135,2024-04-04,Hooghly,23.37572278,88.3666118,5.3669,0.13034,337.684775,0.536947,8.389773e-05,8.308516e-05,2972148.6,-999999999999.0,-999999999999.0,-999999999999.0,-999999999999.0
45312000135,2024-04-25,Hooghly,23.37572278,88.3666118,4.9641,0.15627,365.210779,0.766212,9.133998e-05,0.00011911917,3214420.0,-999999999999.0,-999999999999.0,-999999999999.0,-999999999999.0
45312000135,2025-05-26,Hooghly,23.37572278,88.3666118,6.4795,0.27643,331.038424,0.200478,-0.0005254555,0.00012819348,2913650.4,-999999999999.0,-999999999999.0,-999999999999.0,-999999999999.0
45312000135,2025-06-16,Hooghly,23.37572278,88.3666118,5.6077,0.10984,412.91743,0.751979,6.515369e-05,4.431188e-05,3634312.4,-999999999999.0,-999999999999.0,-999999999999.0,-999999999999.0
45312000135,2025-07-07,Hooghly,23.37572278,88.3666118,6.4868,0.20545,364.497484,0.771147,6.735491e-05,0.00013003609,3208141.9,-999999999999.0,-999999999999.0,-999999999999.0,-999999999999.0
45312000135,2025-07-28,Hooghly,23.37572278,88.3666118,8.1071,0.1118,446.549562,0.99362,5.790486e-05,7.750786e-05,3930327.2,-999999999999.0,-999999999999.0,-999999999999.0,-999999999999.0
45312000135,2025-08-18,Hooghly,23.37572278,88.3666118,8.725,0.1084,506.140619,1.150948,5.949775e-05,8.269607e-05,4454820.7,-999999999999.0,-999999999999.0,-999999999999.0,-999999999999.0
45312000135,2025-09-28,Hooghly,23.37572278,88.3666118,7.3015,0.12851,359.713819,0.981262,9.209163e-05,9.19922e-05,3166038.3,-999999999999.0,-999999999999.0,-999999999999.0,-999999999999.0
45312000135,2025-10-19,Hooghly,23.37572278,88.3666118,7.3013,0.25831,354.133069,0.363932,0.00012800038,0.00014111475,3116919.0,-999999999999.0,-999999999999.0,-999999999999.0,-999999999999.0
45312000135,2025-10-19,Hooghly,23.37572278,88.3666118,7.3013,0.25831,354.133069,0.363932,0.00012800038,0.00014111475,3116919.0,-999999999999.0,-999999999999.0,-999999999999.0,-999999999999.0
45312000135,2025-10-19,Hooghly,23.37572278,88.3666118,7.3013,0.25831,354.133069,0.363932,0.00012800038,0.00014111475,3116919.0,-999999999999.0,-999999999999.0,-999999999999.0,-999999999999.0
45312000135,2025-10-19,Hooghly,23.37572278,88.3666118,7.3013,0.25831,354.133069,0.363932,0.00012800038,0.00014111475,3116919.0,-999999999999.0,-999999999999.0,-999999999999.0,-999999999999.0
45312000135,2025-11-09,Hooghly,23.37572278,88.3666118,6.5125,0.20456,374.379071,0.438442,9.198612e-05,0.00010670153,3295115.2,-999999999999.0,-999999999999.0,-999999999999.0,-999999999999.0
45312000145,2023-07-28,Hooghly,23.44126735,88.3704621,6.0757,0.10878,350.279397,0.787654,7.071031e-05,4.014139e-05,3739974.9,-999999999999.0,-999999999999.0,-999999999999.0,-999999999999.0
45312000145,2023-09-08,Hooghly,23.44126735,88.3704621,7.1142,0.12749,333.796676,0.792947,3.374198e-05,6.127905e-05,3563986.9,-999999999999.0,-999999999999.0,-999999999999.0,-999999999999.0
45312000145,2023-09-29,Hooghly,23.44126735,88.3704621,7.9928,0.20679,303.676607,0.428455,4.159532e-05,8.972806e-05,3242391.3,-999999999999.0,-999999999999.0,-999999999999.0,-999999999999.0
45312000145,2023-10-20,Hooghly,23.44126735,88.3704621,6.9854,0.11968,348.06891,0.80947,4.512635e-05,7.851299e-05,3716373.2,-999999999999.0,-999999999999.0,-999999999999.0,-999999999999.0
45312000145,2023-11-10,Hooghly,23.44126735,88.3704621,6.2599,0.17306,321.848562,0.690265,5.650038e-05,9.209563e-05,3436415.5,-999999999999.0,-999999999999.0,-999999999999.0,-999999999999.0
45312000145,2023-12-01,Hooghly,23.44126735,88.3704621,6.1882,0.1368,335.814702,0.796244,5.075482e-05,8.142708e-05,3585533.6,-999999999999.0,-999999999999.0,-999999999999.0,-999999999999.0
45312000145,2023-12-22,Hooghly,23.44126735,88.3704621,6.5063,0.19747,292.650682,0.267285,-7.61162e-05,7.702676e-05,3124666.2,-999999999999.0,-999999999999.0,-999999999999.0,-999999999999.0
45312000145,2024-01-11,Hooghly,23.44126735,88.3704621,6.9233,0.23859,282.149745,0.178076,-3.73057e-05,0.00011359583,3012546.5,-999999999999.0,-999999999999.0,-999999999999.0,-999999999999.0
45312000145,2024-02-01,Hooghly,23.44126735,88.3704621,8.6085,0.26973,270.670312,0.109665,0.00037333819,0.0001192033,2889979.2,-999999999999.0,-999999999999.0,-999999999999.0,-999999999999.0
45312000145,2024-04-04,Hooghly,23.44126735,88.3704621,6.0535,0.14175,274.565736,0.388578,0.00010961603,4.9007e-05,2931571.1,-999999999999.0,-999999999999.0,-999999999999.0,-999999999999.0
45312000145,2024-04-25,Hooghly,23.44126735,88.3704621,5.4648,0.16417,315.256484,0.694048,4.104368e-05,8.840045e-05,3366031.1,-999999999999.0,-999999999999.0,-999999999999.0,-999999999999.0
45312000145,2025-05-26,Hooghly,23.44126735,88.3704621,6.8738,0.21213,274.839181,0.345962,-0.0001206243,7.723997e-05,2934490.7,-999999999999.0,-999999999999.0,-999999999999.0,-999999999999.0
45312000145,2025-06-16,Hooghly,23.44126735,88.3704621,6.1624,0.10754,345.613951,0.711259,3.114187e-05,3.177772e-05,3690161.4,-999999999999.0,-999999999999.0,-999999999999.0,-999999999999.0
45312000145,2025-07-07,Hooghly,23.44126735,88.3704621,6.9762,0.16833,352.452461,0.838019,5.486923e-05,0.00010820536,3763176.9,-999999999999.0,-999999999999.0,-999999999999.0,-999999999999.0
45312000145,2025-07-28,Hooghly,23.44126735,88.3704621,8.6543,0.10622,457.929598,1.018884,6.114815e-05,3.606773e-05,4889368.9,-999999999999.0,-999999999999.0,-999999999999.0,-999999999999.0
45312000145,2025-08-18,Hooghly,23.44126735,88.3704621,9.3875,0.10271,647.036921,1.257467,3.097984e-05,4.593782e-05,6908490.3,-999999999999.0,-999999999999.0,-999999999999.0,-999999999999.0
45312000145,2025-09-28,Hooghly,23.44126735,88.3704621,7.976,0.16953,302.601679,0.499191,6.043455e-05,6.782222e-05,3230914.2,-999999999999.0,-999999999999.0,-999999999999.0,-999999999999.0
45312000145,2025-10-19,Hooghly,23.44126735,88.3704621,7.8148,0.19663,277.089105,0.324629,4.769546e-05,0.00010192063,2958513.4,-999999999999.0,-999999999999.0,-999999999999.0,-999999999999.0
45312000145,2025-10-19,Hooghly,23.44126735,88.3704621,7.8148,0.19663,277.089105,0.324629,4.769546e-05,0.00010192063,2958513.4,-999999999999.0,-999999999999.0,-999999999999.0,-999999999999.0
45312000145,2025-10-19,Hooghly,23.44126735,88.3704621,7.8148,0.19663,277.089105,0.324629,4.769546e-05,0.00010192063,2958513.4,-999999999999.0,-999999999999.0,-999999999999.0,-999999999999.0
45312000145,2025-10-19,Hooghly,23.44126735,88.3704621,7.8148,0.19663,277.089105,0.324629,4.769546e-05,0.00010192063,2958513.4,-999999999999.0,-999999999999.0,-999999999999.0,-999999999999.0
45312000145,2025-11-09,Hooghly,23.44126735,88.3704621,7.1513,0.15525,296.651707,0.249882,1.178448e-05,5.857821e-05,3167385.6,-999999999999.0,-999999999999.0,-999999999999.0,-999999999999.0
45312000785,2025-05-05,Hooghly,22.28102427,88.0859277,-0.2778,0.09327,1593.584472,1.160383,-1.6862e-05,2.330245e-05,25890336.3,-999999999999.0,-999999999999.0,-999999999999.0,-999999999999.0
45312000795,2025-05-05,Hooghly,22.42102065,88.1226193,-0.0229,0.09311,1141.27139,0.890352,1.498017e-05,1.252521e-05,22455814.5,-999999999999.0,-999999999999.0,-999999999999.0,-999999999999.0
45312000805,2025-05-05,Hooghly,22.52610764,88.2228085,0.375,0.56825,720.583892,1.113865,2.063872e-05,7.427093e-05,5628878.9,-999999999999.0,-999999999999.0,-999999999999.0,-999999999999.0
45312000815,2025-05-05,Hooghly,22.60111047,88.3412577,-999999999999.0,-999999999999.0,-999999999999.0,-999999999999.0,-999999999999.0,-999999999999.0,-999999999999.0,-999999999999.0,-999999999999.0,-999999999999.0,-999999999999.0
45312000825,2025-05-05,Hooghly,22.75569862,88.3535447,-999999999999.0,-999999999999.0,-999999999999.0,-999999999999.0,-999999999999.0,-999999999999.0,-999999999999.0,-999999999999.0,-999999999999.0,-999999999999.0,-999999999999.0
45312000835,2025-05-05,Hooghly; Hooghly River,22.89575126,88.395174,-999999999999.0,-999999999999.0,-999999999999.0,-999999999999.0,-999999999999.0,-999999999999.0,-999999999999.0,-999999999999.0,-999999999999.0,-999999999999.0,-999999999999.0
45312000865,2025-05-05,Hooghly,23.22926689,88.3961422,3.4243,0.75947,352.101486,1.208295,2.473358e-05,7.979552e-05,1248904.2,-999999999999.0,-999999999999.0,-999999999999.0,-999999999999.0
45312000895,2025-05-05,Hooghly,23.34132796,88.3524085,4.438,0.25882,353.697148,0.806976,6.511515e-05,0.00012125846,2268788.1,-999999999999.0,-999999999999.0,-999999999999.0,-999999999999.0
45312000905,2025-05-05,Hooghly,23.37572278,88.3666118,5.0318,0.10769,430.781163,0.883449,6.616887e-05,7.149879e-05,3494234.4,-999999999999.0,-999999999999.0,-999999999999.0,-999999999999.0
45312000915,2025-05-05,Hooghly; Jalangi,23.42642631,88.4453605,-999999999999.0,-999999999999.0,4.753892,0.348698,-999999999999.0,-999999999999.0,1934.8,-999999999999.0,-999999999999.0,-999999999999.0,-999999999999.0
45312000975,2025-05-05,Hooghly,23.44126735,88.3704621,5.5922,0.11059,333.329501,0.655476,5.79788e-05,3.537989e-05,3492032.0,-999999999999.0,-999999999999.0,-999999999999.0,-999999999999.0
45313000095,2025-05-05,Damodar; Hooghly,22.3977657,88.0411508,1.9317,0.19545,83.148103,0.171908,0.00023137913,5.774195e-05,1564453.9,-999999999999.0,-999999999999.0,-999999999999.0,-999999999999.0
45314100075,2025-05-05,Haldi River; Hooghly,22.22310274,88.0100946,-0.3078,0.093,2147.88554,1.90587,-1.67825e-05,2.055359e-05,23385650.1,-999999999999.0,-999999999999.0,-999999999999.0,-999999999999.0
