date,gap_days,year,month
2014-08-13,,2014,8
2014-08-14,1.0,2014,8
2014-08-14,0.0,2014,8
2014-08-19,5.0,2014,8
2014-08-19,0.0,2014,8
2014-09-02,14.0,2014,9
2014-09-02,0.0,2014,9
2014-09-06,4.0,2014,9
2014-09-06,0.0,2014,9
2014-10-15,39.0,2014,10
2014-10-18,3.0,2014,10
2014-10-18,0.0,2014,10
2014-10-21,3.0,2014,10
2014-11-08,18.0,2014,11
2014-11-14,6.0,2014,11
2014-11-29,15.0,2014,11
2014-11-29,0.0,2014,11
2014-12-02,3.0,2014,12
2014-12-04,2.0,2014,12
2014-12-04,0.0,2014,12
2014-12-08,4.0,2014,12
2014-12-26,18.0,2014,12
2015-01-01,6.0,2015,1
2015-01-06,5.0,2015,1
2015-01-06,0.0,2015,1
2015-01-10,4.0,2015,1
2015-01-10,0.0,2015,1
2015-01-15,5.0,2015,1
2015-01-15,0.0,2015,1
2015-01-19,4.0,2015,1
2015-02-12,24.0,2015,2
2015-02-17,5.0,2015,2
2015-02-17,0.0,2015,2
2015-02-18,1.0,2015,2
2015-03-02,12.0,2015,3
2015-03-08,6.0,2015,3
2015-03-26,18.0,2015,3
2015-03-31,5.0,2015,3
2015-03-31,0.0,2015,3
2015-04-01,1.0,2015,4
2015-04-04,3.0,2015,4
2015-04-04,0.0,2015,4
2015-04-09,5.0,2015,4
2015-04-09,0.0,2015,4
2015-04-19,10.0,2015,4
2015-04-25,6.0,2015,4
2015-04-28,3.0,2015,4
2015-05-12,14.0,2015,5
2015-05-12,0.0,2015,5
2015-05-13,1.0,2015,5
2015-05-19,6.0,2015,5
2015-06-06,18.0,2015,6
2015-06-12,6.0,2015,6
2015-06-27,15.0,2015,6
2015-06-27,0.0,2015,6
2015-06-30,3.0,2015,6
2015-06-30,0.0,2015,6
2015-07-06,6.0,2015,7
2015-07-12,6.0,2015,7
2015-07-24,12.0,2015,7
2015-07-24,0.0,2015,7
2015-07-30,6.0,2015,7
2015-07-30,0.0,2015,7
2015-08-17,18.0,2015,8
2015-08-23,6.0,2015,8
2015-09-05,13.0,2015,9
2015-09-05,0.0,2015,9
2015-09-07,2.0,2015,9
2015-09-09,2.0,2015,9
2015-10-10,31.0,2015,10
2015-10-13,3.0,2015,10
2015-10-13,0.0,2015,10
2015-10-17,4.0,2015,10
2015-10-17,0.0,2015,10
2015-10-28,11.0,2015,10
2015-11-27,30.0,2015,11
2015-11-28,1.0,2015,11
2015-11-28,0.0,2015,11
2015-12-15,17.0,2015,12
2015-12-27,12.0,2015,12
2016-01-05,9.0,2016,1
2016-01-05,0.0,2016,1
2016-01-14,9.0,2016,1
2016-01-14,0.0,2016,1
2016-02-01,18.0,2016,2
2016-02-07,6.0,2016,2
2016-02-13,6.0,2016,2
2016-02-20,7.0,2016,2
2016-02-20,0.0,2016,2
2016-02-25,5.0,2016,2
2016-03-02,6.0,2016,3
2016-03-24,22.0,2016,3
2016-04-02,9.0,2016,4
2016-04-02,0.0,2016,4
2016-04-13,11.0,2016,4
2016-04-19,6.0,2016,4
2016-05-10,21.0,2016,5
2016-05-10,0.0,2016,5
2016-05-13,3.0,2016,5
2016-05-19,6.0,2016,5
2016-05-25,6.0,2016,5
2016-05-25,0.0,2016,5
2016-05-31,6.0,2016,5
2016-06-06,6.0,2016,6
2016-06-12,6.0,2016,6
2016-06-21,9.0,2016,6
2016-06-25,4.0,2016,6
2016-06-25,0.0,2016,6
2016-06-30,5.0,2016,6
2016-06-30,0.0,2016,6
2016-06-30,0.0,2016,6
2016-07-06,6.0,2016,7
2016-07-18,12.0,2016,7
2016-07-19,1.0,2016,7
2016-07-19,0.0,2016,7
2016-07-23,4.0,2016,7
2016-07-23,0.0,2016,7
2016-07-24,1.0,2016,7
2016-07-28,4.0,2016,7
2016-07-28,0.0,2016,7
2016-07-30,2.0,2016,7
2016-08-03,4.0,2016,8
2016-08-10,7.0,2016,8
2016-08-11,1.0,2016,8
2016-08-17,6.0,2016,8
2016-08-23,6.0,2016,8
2016-09-03,11.0,2016,9
2016-09-03,0.0,2016,9
2016-09-04,1.0,2016,9
2016-09-10,6.0,2016,9
2016-09-16,6.0,2016,9
2016-09-28,12.0,2016,9
2016-09-28,0.0,2016,9
2016-10-04,6.0,2016,10
2016-10-10,6.0,2016,10
2016-10-10,0.0,2016,10
2016-10-11,1.0,2016,10
2016-10-11,0.0,2016,10
2016-10-15,4.0,2016,10
2016-10-15,0.0,2016,10
2016-10-20,5.0,2016,10
2016-10-20,0.0,2016,10
2016-10-22,2.0,2016,10
2016-10-22,0.0,2016,10
2016-10-28,6.0,2016,10
2016-11-03,6.0,2016,11
2016-11-03,0.0,2016,11
2016-11-15,12.0,2016,11
2016-11-15,0.0,2016,11
2016-11-21,6.0,2016,11
2016-11-22,1.0,2016,11
2016-11-22,0.0,2016,11
2016-11-26,4.0,2016,11
2016-11-26,0.0,2016,11
2016-12-01,5.0,2016,12
2016-12-01,0.0,2016,12
2016-12-09,8.0,2016,12
2016-12-09,0.0,2016,12
2016-12-15,6.0,2016,12
2017-01-02,18.0,2017,1
2017-01-02,0.0,2017,1
2017-01-07,5.0,2017,1
2017-01-07,0.0,2017,1
2017-01-08,1.0,2017,1
2017-01-12,4.0,2017,1
2017-01-12,0.0,2017,1
2017-01-26,14.0,2017,1
2017-01-26,0.0,2017,1
2017-02-01,6.0,2017,2
2017-02-07,6.0,2017,2
2017-02-07,0.0,2017,2
2017-02-19,12.0,2017,2
2017-02-23,4.0,2017,2
2017-02-23,0.0,2017,2
2017-02-25,2.0,2017,2
2017-03-03,6.0,2017,3
2017-03-09,6.0,2017,3
2017-03-12,3.0,2017,3
2017-03-21,9.0,2017,3
2017-03-21,0.0,2017,3
2017-03-24,3.0,2017,3
2017-03-27,3.0,2017,3
2017-03-27,0.0,2017,3
2017-04-02,6.0,2017,4
2017-04-02,0.0,2017,4
2017-04-05,3.0,2017,4
2017-04-06,1.0,2017,4
2017-04-06,0.0,2017,4
2017-04-08,2.0,2017,4
2017-04-08,0.0,2017,4
2017-04-14,6.0,2017,4
2017-04-14,0.0,2017,4
2017-04-17,3.0,2017,4
2017-04-20,3.0,2017,4
2017-04-20,0.0,2017,4
2017-04-26,6.0,2017,4
2017-04-26,0.0,2017,4
2017-04-29,3.0,2017,4
2017-05-02,3.0,2017,5
2017-05-02,0.0,2017,5
2017-05-08,6.0,2017,5
2017-05-08,0.0,2017,5
2017-05-11,3.0,2017,5
2017-05-13,2.0,2017,5
2017-05-13,0.0,2017,5
2017-05-14,1.0,2017,5
2017-05-14,0.0,2017,5
2017-05-18,4.0,2017,5
2017-05-18,0.0,2017,5
2017-05-20,2.0,2017,5
2017-05-20,0.0,2017,5
2017-05-23,3.0,2017,5
2017-05-26,3.0,2017,5
2017-05-26,0.0,2017,5
2017-06-01,6.0,2017,6
2017-06-01,0.0,2017,6
2017-06-04,3.0,2017,6
2017-06-07,3.0,2017,6
2017-06-07,0.0,2017,6
2017-06-19,12.0,2017,6
2017-06-19,0.0,2017,6
2017-06-24,5.0,2017,6
2017-06-24,0.0,2017,6
2017-06-28,4.0,2017,6
2017-06-29,1.0,2017,6
2017-06-29,0.0,2017,6
2017-07-01,2.0,2017,7
2017-07-01,0.0,2017,7
2017-07-10,9.0,2017,7
2017-07-22,12.0,2017,7
2017-07-22,0.0,2017,7
2017-07-22,0.0,2017,7
2017-07-25,3.0,2017,7
2017-07-25,0.0,2017,7
2017-07-27,2.0,2017,7
2017-07-27,0.0,2017,7
2017-07-31,4.0,2017,7
2017-07-31,0.0,2017,7
2017-08-03,3.0,2017,8
2017-08-06,3.0,2017,8
2017-08-06,0.0,2017,8
2017-08-12,6.0,2017,8
2017-08-12,0.0,2017,8
2017-08-15,3.0,2017,8
2017-08-18,3.0,2017,8
2017-08-18,0.0,2017,8
2017-08-24,6.0,2017,8
2017-08-24,0.0,2017,8
2017-08-27,3.0,2017,8
2017-09-02,6.0,2017,9
2017-09-02,0.0,2017,9
2017-09-05,3.0,2017,9
2017-09-05,0.0,2017,9
2017-09-07,2.0,2017,9
2017-09-07,0.0,2017,9
2017-09-08,1.0,2017,9
2017-09-11,3.0,2017,9
2017-09-11,0.0,2017,9
2017-09-17,6.0,2017,9
2017-09-17,0.0,2017,9
2017-09-20,3.0,2017,9
2017-09-23,3.0,2017,9
2017-09-23,0.0,2017,9
2017-09-29,6.0,2017,9
2017-09-29,0.0,2017,9
2017-10-02,3.0,2017,10
2017-10-05,3.0,2017,10
2017-10-05,0.0,2017,10
2017-10-10,5.0,2017,10
2017-10-10,0.0,2017,10
2017-10-11,1.0,2017,10
2017-10-11,0.0,2017,10
2017-10-14,3.0,2017,10
2017-10-14,0.0,2017,10
2017-10-14,0.0,2017,10
2017-10-17,3.0,2017,10
2017-10-17,0.0,2017,10
2017-10-19,2.0,2017,10
2017-10-19,0.0,2017,10
2017-10-23,4.0,2017,10
2017-10-23,0.0,2017,10
2017-10-26,3.0,2017,10
2017-10-29,3.0,2017,10
2017-10-29,0.0,2017,10
2017-11-04,6.0,2017,11
2017-11-04,0.0,2017,11
2017-11-07,3.0,2017,11
2017-11-10,3.0,2017,11
2017-11-10,0.0,2017,11
2017-11-16,6.0,2017,11
2017-11-16,0.0,2017,11
2017-11-19,3.0,2017,11
2017-11-21,2.0,2017,11
2017-11-21,0.0,2017,11
2017-11-25,4.0,2017,11
2017-11-25,0.0,2017,11
2017-11-28,3.0,2017,11
2017-11-28,0.0,2017,11
2017-11-30,2.0,2017,11
2017-11-30,0.0,2017,11
2017-12-01,1.0,2017,12
2017-12-04,3.0,2017,12
2017-12-04,0.0,2017,12
2017-12-10,6.0,2017,12
2017-12-10,0.0,2017,12
2017-12-13,3.0,2017,12
2017-12-22,9.0,2017,12
2017-12-22,0.0,2017,12
2017-12-25,3.0,2017,12
2017-12-28,3.0,2017,12
2017-12-28,0.0,2017,12
2018-01-03,6.0,2018,1
2018-01-03,0.0,2018,1
2018-01-06,3.0,2018,1
2018-01-06,0.0,2018,1
2018-01-06,0.0,2018,1
2018-01-09,3.0,2018,1
2018-01-09,0.0,2018,1
2018-01-11,2.0,2018,1
2018-01-11,0.0,2018,1
2018-01-15,4.0,2018,1
2018-01-15,0.0,2018,1
2018-01-18,3.0,2018,1
2018-01-21,3.0,2018,1
2018-01-21,0.0,2018,1
2018-01-27,6.0,2018,1
2018-01-27,0.0,2018,1
2018-01-30,3.0,2018,1
2018-01-30,0.0,2018,1
2018-01-30,0.0,2018,1
2018-02-02,3.0,2018,2
2018-02-02,0.0,2018,2
2018-02-08,6.0,2018,2
2018-02-08,0.0,2018,2
2018-02-08,0.0,2018,2
2018-02-08,0.0,2018,2
2018-02-11,3.0,2018,2
2018-02-13,2.0,2018,2
2018-02-13,0.0,2018,2
2018-02-14,1.0,2018,2
2018-02-14,0.0,2018,2
2018-02-17,3.0,2018,2
2018-02-17,0.0,2018,2
2018-02-20,3.0,2018,2
2018-02-20,0.0,2018,2
2018-02-22,2.0,2018,2
2018-02-22,0.0,2018,2
2018-02-23,1.0,2018,2
2018-02-26,3.0,2018,2
2018-02-26,0.0,2018,2
2018-03-04,6.0,2018,3
2018-03-04,0.0,2018,3
2018-03-07,3.0,2018,3
2018-03-10,3.0,2018,3
2018-03-10,0.0,2018,3
2018-03-16,6.0,2018,3
2018-03-16,0.0,2018,3
2018-03-19,3.0,2018,3
2018-03-22,3.0,2018,3
2018-03-22,0.0,2018,3
2018-03-27,5.0,2018,3
2018-03-27,0.0,2018,3
2018-03-28,1.0,2018,3
2018-03-28,0.0,2018,3
2018-03-31,3.0,2018,3
2018-03-31,0.0,2018,3
2018-03-31,0.0,2018,3
2018-04-09,9.0,2018,4
2018-04-09,0.0,2018,4
2018-04-12,3.0,2018,4
2018-04-21,9.0,2018,4
2018-04-21,0.0,2018,4
2018-04-24,3.0,2018,4
2018-04-27,3.0,2018,4
2018-04-27,0.0,2018,4
2018-05-03,6.0,2018,5
2018-05-03,0.0,2018,5
2018-05-03,0.0,2018,5
2018-05-06,3.0,2018,5
2018-05-08,2.0,2018,5
2018-05-08,0.0,2018,5
2018-05-09,1.0,2018,5
2018-05-09,0.0,2018,5
2018-05-12,3.0,2018,5
2018-05-12,0.0,2018,5
2018-05-15,3.0,2018,5
2018-05-15,0.0,2018,5
2018-05-17,2.0,2018,5
2018-05-17,0.0,2018,5
2018-05-18,1.0,2018,5
2018-05-21,3.0,2018,5
2018-05-21,0.0,2018,5
2018-05-27,6.0,2018,5
2018-05-27,0.0,2018,5
2018-05-30,3.0,2018,5
2018-06-05,6.0,2018,6
2018-06-05,0.0,2018,6
2018-06-08,3.0,2018,6
2018-06-08,0.0,2018,6
2018-06-11,3.0,2018,6
2018-06-14,3.0,2018,6
2018-06-14,0.0,2018,6
2018-06-14,0.0,2018,6
2018-06-23,9.0,2018,6
2018-06-23,0.0,2018,6
2018-06-23,0.0,2018,6
2018-06-26,3.0,2018,6
2018-06-26,0.0,2018,6
2018-07-03,7.0,2018,7
2018-07-05,2.0,2018,7
2018-07-08,3.0,2018,7
2018-07-08,0.0,2018,7
2018-07-14,6.0,2018,7
2018-07-14,0.0,2018,7
2018-07-17,3.0,2018,7
2018-07-17,0.0,2018,7
2018-07-17,0.0,2018,7
2018-07-20,3.0,2018,7
2018-07-20,0.0,2018,7
2018-07-21,1.0,2018,7
2018-07-21,0.0,2018,7
2018-07-26,5.0,2018,7
2018-07-26,0.0,2018,7
2018-07-29,3.0,2018,7
2018-08-01,3.0,2018,8
2018-08-01,0.0,2018,8
2018-08-07,6.0,2018,8
2018-08-07,0.0,2018,8
2018-08-10,3.0,2018,8
2018-08-14,4.0,2018,8
2018-08-19,5.0,2018,8
2018-08-19,0.0,2018,8
2018-08-22,3.0,2018,8
2018-08-23,1.0,2018,8
2018-08-25,2.0,2018,8
2018-08-25,0.0,2018,8
2018-08-28,3.0,2018,8
2018-08-28,0.0,2018,8
2018-08-31,3.0,2018,8
2018-08-31,0.0,2018,8
2018-09-01,1.0,2018,9
2018-09-01,0.0,2018,9
2018-09-03,2.0,2018,9
2018-09-06,3.0,2018,9
2018-09-06,0.0,2018,9
2018-09-06,0.0,2018,9
2018-09-06,0.0,2018,9
2018-09-12,6.0,2018,9
2018-09-12,0.0,2018,9
2018-09-15,3.0,2018,9
2018-09-18,3.0,2018,9
2018-09-18,0.0,2018,9
2018-09-19,1.0,2018,9
2018-09-24,5.0,2018,9
2018-09-24,0.0,2018,9
2018-09-25,1.0,2018,9
2018-09-25,0.0,2018,9
2018-09-27,2.0,2018,9
2018-09-30,3.0,2018,9
2018-09-30,0.0,2018,9
2018-10-04,4.0,2018,10
2018-10-06,2.0,2018,10
2018-10-06,0.0,2018,10
2018-10-09,3.0,2018,10
2018-10-09,0.0,2018,10
2018-10-09,0.0,2018,10
2018-10-12,3.0,2018,10
2018-10-12,0.0,2018,10
2018-10-13,1.0,2018,10
2018-10-13,0.0,2018,10
2018-10-18,5.0,2018,10
2018-10-18,0.0,2018,10
2018-10-21,3.0,2018,10
2018-10-24,3.0,2018,10
2018-10-24,0.0,2018,10
2018-10-30,6.0,2018,10
2018-10-30,0.0,2018,10
2018-11-02,3.0,2018,11
2018-11-05,3.0,2018,11
2018-11-05,0.0,2018,11
2018-11-06,1.0,2018,11
2018-11-11,5.0,2018,11
2018-11-11,0.0,2018,11
2018-11-14,3.0,2018,11
2018-11-15,1.0,2018,11
2018-11-15,0.0,2018,11
2018-11-17,2.0,2018,11
2018-11-17,0.0,2018,11
2018-11-20,3.0,2018,11
2018-11-20,0.0,2018,11
2018-11-23,3.0,2018,11
2018-11-23,0.0,2018,11
2018-11-24,1.0,2018,11
2018-11-24,0.0,2018,11
2018-11-26,2.0,2018,11
2018-11-29,3.0,2018,11
2018-11-29,0.0,2018,11
2018-11-29,0.0,2018,11
2018-11-29,0.0,2018,11
2018-12-08,9.0,2018,12
2018-12-11,3.0,2018,12
2018-12-11,0.0,2018,12
2018-12-17,6.0,2018,12
2018-12-17,0.0,2018,12
2018-12-18,1.0,2018,12
2018-12-20,2.0,2018,12
2018-12-23,3.0,2018,12
2018-12-23,0.0,2018,12
2018-12-27,4.0,2018,12
2018-12-29,2.0,2018,12
2018-12-29,0.0,2018,12
2019-01-01,3.0,2019,1
2019-01-01,0.0,2019,1
2019-01-01,0.0,2019,1
2019-01-04,3.0,2019,1
2019-01-04,0.0,2019,1
2019-01-05,1.0,2019,1
2019-01-05,0.0,2019,1
2019-01-10,5.0,2019,1
2019-01-10,0.0,2019,1
2019-01-10,0.0,2019,1
2019-01-10,0.0,2019,1
2019-01-13,3.0,2019,1
2019-01-16,3.0,2019,1
2019-01-16,0.0,2019,1
2019-01-22,6.0,2019,1
2019-01-22,0.0,2019,1
2019-01-25,3.0,2019,1
2019-01-28,3.0,2019,1
2019-01-28,0.0,2019,1
2019-01-29,1.0,2019,1
2019-01-29,0.0,2019,1
2019-02-03,5.0,2019,2
2019-02-03,0.0,2019,2
2019-02-06,3.0,2019,2
2019-02-07,1.0,2019,2
2019-02-07,0.0,2019,2
2019-02-09,2.0,2019,2
2019-02-09,0.0,2019,2
2019-02-12,3.0,2019,2
2019-02-12,0.0,2019,2
2019-02-15,3.0,2019,2
2019-02-15,0.0,2019,2
2019-02-16,1.0,2019,2
2019-02-16,0.0,2019,2
2019-02-18,2.0,2019,2
2019-02-21,3.0,2019,2
2019-02-21,0.0,2019,2
2019-02-21,0.0,2019,2
2019-02-21,0.0,2019,2
2019-02-27,6.0,2019,2
2019-02-27,0.0,2019,2
2019-03-02,3.0,2019,3
2019-03-11,9.0,2019,3
2019-03-11,0.0,2019,3
2019-03-12,1.0,2019,3
2019-03-12,0.0,2019,3
2019-03-14,2.0,2019,3
2019-03-17,3.0,2019,3
2019-03-17,0.0,2019,3
2019-03-21,4.0,2019,3
2019-03-23,2.0,2019,3
2019-03-23,0.0,2019,3
2019-03-26,3.0,2019,3
2019-03-26,0.0,2019,3
2019-03-26,0.0,2019,3
2019-03-29,3.0,2019,3
2019-03-29,0.0,2019,3
2019-03-30,1.0,2019,3
2019-03-30,0.0,2019,3
2019-04-04,5.0,2019,4
2019-04-04,0.0,2019,4
2019-04-04,0.0,2019,4
2019-04-04,0.0,2019,4
2019-04-07,3.0,2019,4
2019-04-10,3.0,2019,4
2019-04-10,0.0,2019,4
2019-04-16,6.0,2019,4
2019-04-16,0.0,2019,4
2019-04-19,3.0,2019,4
2019-04-22,3.0,2019,4
2019-04-22,0.0,2019,4
2019-04-23,1.0,2019,4
2019-04-23,0.0,2019,4
2019-04-28,5.0,2019,4
2019-04-28,0.0,2019,4
2019-05-01,3.0,2019,5
2019-05-02,1.0,2019,5
2019-05-04,2.0,2019,5
2019-05-04,0.0,2019,5
2019-05-07,3.0,2019,5
2019-05-07,0.0,2019,5
2019-05-07,0.0,2019,5
2019-05-10,3.0,2019,5
2019-05-10,0.0,2019,5
2019-05-11,1.0,2019,5
2019-05-11,0.0,2019,5
2019-05-13,2.0,2019,5
2019-05-16,3.0,2019,5
2019-05-16,0.0,2019,5
2019-05-22,6.0,2019,5
2019-05-22,0.0,2019,5
2019-06-03,12.0,2019,6
2019-06-03,0.0,2019,6
2019-06-04,1.0,2019,6
2019-06-06,2.0,2019,6
2019-06-13,7.0,2019,6
2019-06-15,2.0,2019,6
2019-06-15,0.0,2019,6
2019-06-18,3.0,2019,6
2019-06-18,0.0,2019,6
2019-06-18,0.0,2019,6
2019-06-22,4.0,2019,6
2019-06-22,0.0,2019,6
2019-06-27,5.0,2019,6
2019-06-27,0.0,2019,6
2019-06-27,0.0,2019,6
2019-06-27,0.0,2019,6
2019-06-30,3.0,2019,6
2019-07-02,2.0,2019,7
2019-07-09,7.0,2019,7
2019-07-09,0.0,2019,7
2019-07-11,2.0,2019,7
2019-07-12,1.0,2019,7
2019-07-16,4.0,2019,7
2019-07-16,0.0,2019,7
2019-07-20,4.0,2019,7
2019-07-20,0.0,2019,7
2019-07-21,1.0,2019,7
2019-07-21,0.0,2019,7
2019-07-24,3.0,2019,7
2019-07-25,1.0,2019,7
2019-07-25,0.0,2019,7
2019-07-27,2.0,2019,7
2019-07-27,0.0,2019,7
2019-08-02,6.0,2019,8
2019-08-02,0.0,2019,8
2019-08-05,3.0,2019,8
2019-08-08,3.0,2019,8
2019-08-08,0.0,2019,8
2019-08-13,5.0,2019,8
2019-08-13,0.0,2019,8
2019-08-17,4.0,2019,8
2019-08-20,3.0,2019,8
2019-08-20,0.0,2019,8
2019-08-22,2.0,2019,8
2019-08-22,0.0,2019,8
2019-08-26,4.0,2019,8
2019-08-26,0.0,2019,8
2019-08-27,1.0,2019,8
2019-08-27,0.0,2019,8
2019-08-29,2.0,2019,8
2019-08-31,2.0,2019,8
2019-08-31,0.0,2019,8
2019-09-01,1.0,2019,9
2019-09-01,0.0,2019,9
2019-09-05,4.0,2019,9
2019-09-05,0.0,2019,9
2019-09-07,2.0,2019,9
2019-09-07,0.0,2019,9
2019-09-10,3.0,2019,9
2019-09-13,3.0,2019,9
2019-09-13,0.0,2019,9
2019-09-18,5.0,2019,9
2019-09-19,1.0,2019,9
2019-09-19,0.0,2019,9
2019-09-22,3.0,2019,9
2019-09-24,2.0,2019,9
2019-09-24,0.0,2019,9
2019-09-25,1.0,2019,9
2019-09-25,0.0,2019,9
2019-10-01,6.0,2019,10
2019-10-01,0.0,2019,10
2019-10-03,2.0,2019,10
2019-10-04,1.0,2019,10
2019-10-07,3.0,2019,10
2019-10-07,0.0,2019,10
2019-10-08,1.0,2019,10
2019-10-08,0.0,2019,10
2019-10-12,4.0,2019,10
2019-10-12,0.0,2019,10
2019-10-13,1.0,2019,10
2019-10-13,0.0,2019,10
2019-10-16,3.0,2019,10
2019-10-17,1.0,2019,10
2019-10-17,0.0,2019,10
2019-10-19,2.0,2019,10
2019-10-19,0.0,2019,10
2019-10-25,6.0,2019,10
2019-10-25,0.0,2019,10
2019-10-28,3.0,2019,10
2019-10-31,3.0,2019,10
2019-10-31,0.0,2019,10
2019-11-05,5.0,2019,11
2019-11-05,0.0,2019,11
2019-11-06,1.0,2019,11
2019-11-06,0.0,2019,11
2019-11-09,3.0,2019,11
2019-11-12,3.0,2019,11
2019-11-12,0.0,2019,11
2019-11-14,2.0,2019,11
2019-11-14,0.0,2019,11
2019-11-18,4.0,2019,11
2019-11-18,0.0,2019,11
2019-11-19,1.0,2019,11
2019-11-19,0.0,2019,11
2019-11-21,2.0,2019,11
2019-11-23,2.0,2019,11
2019-11-23,0.0,2019,11
2019-11-24,1.0,2019,11
2019-11-24,0.0,2019,11
2019-11-28,4.0,2019,11
2019-11-28,0.0,2019,11
2019-11-30,2.0,2019,11
2019-11-30,0.0,2019,11
2019-11-30,0.0,2019,11
2019-12-03,3.0,2019,12
2019-12-06,3.0,2019,12
2019-12-06,0.0,2019,12
2019-12-12,6.0,2019,12
2019-12-12,0.0,2019,12
2019-12-12,0.0,2019,12
2019-12-15,3.0,2019,12
2019-12-17,2.0,2019,12
2019-12-17,0.0,2019,12
2019-12-18,1.0,2019,12
2019-12-18,0.0,2019,12
2019-12-24,6.0,2019,12
2019-12-24,0.0,2019,12
2019-12-24,0.0,2019,12
2019-12-27,3.0,2019,12
2019-12-30,3.0,2019,12
2019-12-30,0.0,2019,12
2019-12-31,1.0,2019,12
2019-12-31,0.0,2019,12
2020-01-04,4.0,2020,1
2020-01-04,0.0,2020,1
2020-01-05,1.0,2020,1
2020-01-05,0.0,2020,1
2020-01-05,0.0,2020,1
2020-01-08,3.0,2020,1
2020-01-09,1.0,2020,1
2020-01-09,0.0,2020,1
2020-01-11,2.0,2020,1
2020-01-11,0.0,2020,1
2020-01-17,6.0,2020,1
2020-01-17,0.0,2020,1
2020-01-17,0.0,2020,1
2020-01-20,3.0,2020,1
2020-01-23,3.0,2020,1
2020-01-23,0.0,2020,1
2020-01-28,5.0,2020,1
2020-01-28,0.0,2020,1
2020-01-29,1.0,2020,1
2020-01-29,0.0,2020,1
2020-02-01,3.0,2020,2
2020-02-04,3.0,2020,2
2020-02-04,0.0,2020,2
2020-02-06,2.0,2020,2
2020-02-06,0.0,2020,2
2020-02-10,4.0,2020,2
2020-02-10,0.0,2020,2
2020-02-11,1.0,2020,2
2020-02-11,0.0,2020,2
2020-02-13,2.0,2020,2
2020-02-15,2.0,2020,2
2020-02-15,0.0,2020,2
2020-02-16,1.0,2020,2
2020-02-16,0.0,2020,2
2020-02-22,6.0,2020,2
2020-02-22,0.0,2020,2
2020-02-25,3.0,2020,2
2020-02-28,3.0,2020,2
2020-02-28,0.0,2020,2
2020-03-05,6.0,2020,3
2020-03-05,0.0,2020,3
2020-03-08,3.0,2020,3
2020-03-10,2.0,2020,3
2020-03-10,0.0,2020,3
2020-03-11,1.0,2020,3
2020-03-11,0.0,2020,3
2020-03-17,6.0,2020,3
2020-03-17,0.0,2020,3
2020-03-20,3.0,2020,3
2020-03-23,3.0,2020,3
2020-03-23,0.0,2020,3
2020-03-24,1.0,2020,3
2020-03-24,0.0,2020,3
2020-03-28,4.0,2020,3
2020-03-28,0.0,2020,3
2020-03-29,1.0,2020,3
2020-03-29,0.0,2020,3
2020-04-01,3.0,2020,4
2020-04-02,1.0,2020,4
2020-04-02,0.0,2020,4
2020-04-04,2.0,2020,4
2020-04-04,0.0,2020,4
2020-04-10,6.0,2020,4
2020-04-10,0.0,2020,4
2020-04-13,3.0,2020,4
2020-04-16,3.0,2020,4
2020-04-16,0.0,2020,4
2020-04-21,5.0,2020,4
2020-04-21,0.0,2020,4
2020-04-22,1.0,2020,4
2020-04-22,0.0,2020,4
2020-04-25,3.0,2020,4
2020-04-28,3.0,2020,4
2020-04-28,0.0,2020,4
2020-04-30,2.0,2020,4
2020-05-04,4.0,2020,5
2020-05-04,0.0,2020,5
2020-05-05,1.0,2020,5
2020-05-05,0.0,2020,5
2020-05-07,2.0,2020,5
2020-05-09,2.0,2020,5
2020-05-09,0.0,2020,5
2020-05-14,5.0,2020,5
2020-05-14,0.0,2020,5
2020-05-16,2.0,2020,5
2020-05-16,0.0,2020,5
2020-05-16,0.0,2020,5
2020-05-19,3.0,2020,5
2020-05-22,3.0,2020,5
2020-05-22,0.0,2020,5
2020-05-22,0.0,2020,5
2020-05-25,3.0,2020,5
2020-05-28,3.0,2020,5
2020-05-28,0.0,2020,5
2020-05-28,0.0,2020,5
2020-05-31,3.0,2020,5
2020-06-02,2.0,2020,6
2020-06-02,0.0,2020,6
2020-06-03,1.0,2020,6
2020-06-03,0.0,2020,6
2020-06-09,6.0,2020,6
2020-06-09,0.0,2020,6
2020-06-11,2.0,2020,6
2020-06-11,0.0,2020,6
2020-06-12,1.0,2020,6
2020-06-15,3.0,2020,6
2020-06-15,0.0,2020,6
2020-06-16,1.0,2020,6
2020-06-16,0.0,2020,6
2020-06-20,4.0,2020,6
2020-06-20,0.0,2020,6
2020-06-21,1.0,2020,6
2020-06-21,0.0,2020,6
2020-06-24,3.0,2020,6
2020-06-27,3.0,2020,6
2020-06-27,0.0,2020,6
2020-06-30,3.0,2020,6
2020-06-30,0.0,2020,6
2020-07-03,3.0,2020,7
2020-07-03,0.0,2020,7
2020-07-06,3.0,2020,7
2020-07-09,3.0,2020,7
2020-07-09,0.0,2020,7
2020-07-09,0.0,2020,7
2020-07-14,5.0,2020,7
2020-07-14,0.0,2020,7
2020-07-15,1.0,2020,7
2020-07-15,0.0,2020,7
2020-07-18,3.0,2020,7
2020-07-18,0.0,2020,7
2020-07-18,0.0,2020,7
2020-07-21,3.0,2020,7
2020-07-21,0.0,2020,7
2020-07-21,0.0,2020,7
2020-07-24,3.0,2020,7
2020-07-27,3.0,2020,7
2020-07-27,0.0,2020,7
2020-07-30,3.0,2020,7
2020-08-02,3.0,2020,8
2020-08-02,0.0,2020,8
2020-08-08,6.0,2020,8
2020-08-08,0.0,2020,8
2020-08-11,3.0,2020,8
2020-08-11,0.0,2020,8
2020-08-11,0.0,2020,8
2020-08-14,3.0,2020,8
2020-08-14,0.0,2020,8
2020-08-20,6.0,2020,8
2020-08-20,0.0,2020,8
2020-08-20,0.0,2020,8
2020-08-23,3.0,2020,8
2020-08-25,2.0,2020,8
2020-08-25,0.0,2020,8
2020-08-26,1.0,2020,8
2020-08-26,0.0,2020,8
2020-08-29,3.0,2020,8
2020-08-29,0.0,2020,8
2020-09-01,3.0,2020,9
2020-09-01,0.0,2020,9
2020-09-03,2.0,2020,9
2020-09-03,0.0,2020,9
2020-09-04,1.0,2020,9
2020-09-07,3.0,2020,9
2020-09-07,0.0,2020,9
2020-09-13,6.0,2020,9
2020-09-13,0.0,2020,9
2020-09-16,3.0,2020,9
2020-09-16,0.0,2020,9
2020-09-19,3.0,2020,9
2020-09-19,0.0,2020,9
2020-09-22,3.0,2020,9
2020-09-22,0.0,2020,9
2020-09-25,3.0,2020,9
2020-09-25,0.0,2020,9
2020-09-28,3.0,2020,9
2020-10-01,3.0,2020,10
2020-10-01,0.0,2020,10
2020-10-01,0.0,2020,10
2020-10-01,0.0,2020,10
2020-10-06,5.0,2020,10
2020-10-06,0.0,2020,10
2020-10-07,1.0,2020,10
2020-10-07,0.0,2020,10
2020-10-10,3.0,2020,10
2020-10-10,0.0,2020,10
2020-10-10,0.0,2020,10
2020-10-13,3.0,2020,10
2020-10-13,0.0,2020,10
2020-10-15,2.0,2020,10
2020-10-15,0.0,2020,10
2020-10-19,4.0,2020,10
2020-10-19,0.0,2020,10
2020-10-22,3.0,2020,10
2020-10-25,3.0,2020,10
2020-10-25,0.0,2020,10
2020-10-31,6.0,2020,10
2020-10-31,0.0,2020,10
2020-11-03,3.0,2020,11
2020-11-03,0.0,2020,11
2020-11-03,0.0,2020,11
2020-11-06,3.0,2020,11
2020-11-06,0.0,2020,11
2020-11-12,6.0,2020,11
2020-11-12,0.0,2020,11
2020-11-12,0.0,2020,11
2020-11-12,0.0,2020,11
2020-11-15,3.0,2020,11
2020-11-17,2.0,2020,11
2020-11-17,0.0,2020,11
2020-11-18,1.0,2020,11
2020-11-18,0.0,2020,11
2020-11-21,3.0,2020,11
2020-11-21,0.0,2020,11
2020-11-24,3.0,2020,11
2020-11-24,0.0,2020,11
2020-11-26,2.0,2020,11
2020-11-26,0.0,2020,11
2020-11-27,1.0,2020,11
2020-11-30,3.0,2020,11
2020-11-30,0.0,2020,11
2020-12-06,6.0,2020,12
2020-12-06,0.0,2020,12
2020-12-09,3.0,2020,12
2020-12-12,3.0,2020,12
2020-12-12,0.0,2020,12
2020-12-15,3.0,2020,12
2020-12-15,0.0,2020,12
2020-12-18,3.0,2020,12
2020-12-18,0.0,2020,12
2020-12-21,3.0,2020,12
2020-12-24,3.0,2020,12
2020-12-24,0.0,2020,12
2020-12-24,0.0,2020,12
2020-12-24,0.0,2020,12
2020-12-29,5.0,2020,12
2020-12-29,0.0,2020,12
2020-12-30,1.0,2020,12
2020-12-30,0.0,2020,12
2021-01-02,3.0,2021,1
2021-01-02,0.0,2021,1
2021-01-02,0.0,2021,1
2021-01-05,3.0,2021,1
2021-01-05,0.0,2021,1
2021-01-07,2.0,2021,1
2021-01-07,0.0,2021,1
2021-01-11,4.0,2021,1
2021-01-11,0.0,2021,1
2021-01-14,3.0,2021,1
2021-01-17,3.0,2021,1
2021-01-17,0.0,2021,1
2021-01-23,6.0,2021,1
2021-01-23,0.0,2021,1
2021-01-26,3.0,2021,1
2021-01-26,0.0,2021,1
2021-01-26,0.0,2021,1
2021-01-29,3.0,2021,1
2021-01-29,0.0,2021,1
2021-02-04,6.0,2021,2
2021-02-04,0.0,2021,2
2021-02-07,3.0,2021,2
2021-02-09,2.0,2021,2
2021-02-09,0.0,2021,2
2021-02-10,1.0,2021,2
2021-02-10,0.0,2021,2
2021-02-13,3.0,2021,2
2021-02-13,0.0,2021,2
2021-02-16,3.0,2021,2
2021-02-16,0.0,2021,2
2021-02-18,2.0,2021,2
2021-02-18,0.0,2021,2
2021-02-19,1.0,2021,2
2021-02-22,3.0,2021,2
2021-02-22,0.0,2021,2
2021-02-28,6.0,2021,2
2021-02-28,0.0,2021,2
2021-03-03,3.0,2021,3
2021-03-06,3.0,2021,3
2021-03-06,0.0,2021,3
2021-03-09,3.0,2021,3
2021-03-09,0.0,2021,3
2021-03-12,3.0,2021,3
2021-03-12,0.0,2021,3
2021-03-15,3.0,2021,3
2021-03-18,3.0,2021,3
2021-03-18,0.0,2021,3
2021-03-18,0.0,2021,3
2021-03-23,5.0,2021,3
2021-03-23,0.0,2021,3
2021-03-24,1.0,2021,3
2021-03-24,0.0,2021,3
2021-03-27,3.0,2021,3
2021-03-27,0.0,2021,3
2021-03-27,0.0,2021,3
2021-03-30,3.0,2021,3
2021-03-30,0.0,2021,3
2021-04-01,2.0,2021,4
2021-04-01,0.0,2021,4
2021-04-05,4.0,2021,4
2021-04-05,0.0,2021,4
2021-04-08,3.0,2021,4
2021-04-11,3.0,2021,4
2021-04-11,0.0,2021,4
2021-04-17,6.0,2021,4
2021-04-17,0.0,2021,4
2021-04-20,3.0,2021,4
2021-04-20,0.0,2021,4
2021-04-20,0.0,2021,4
2021-04-23,3.0,2021,4
2021-04-23,0.0,2021,4
2021-04-29,6.0,2021,4
2021-04-29,0.0,2021,4
2021-04-29,0.0,2021,4
2021-05-02,3.0,2021,5
2021-05-04,2.0,2021,5
2021-05-04,0.0,2021,5
2021-05-05,1.0,2021,5
2021-05-05,0.0,2021,5
2021-05-08,3.0,2021,5
2021-05-08,0.0,2021,5
2021-05-11,3.0,2021,5
2021-05-11,0.0,2021,5
2021-05-13,2.0,2021,5
2021-05-13,0.0,2021,5
2021-05-14,1.0,2021,5
2021-05-17,3.0,2021,5
2021-05-17,0.0,2021,5
2021-05-23,6.0,2021,5
2021-05-23,0.0,2021,5
2021-05-26,3.0,2021,5
2021-05-29,3.0,2021,5
2021-05-29,0.0,2021,5
2021-06-01,3.0,2021,6
2021-06-01,0.0,2021,6
2021-06-04,3.0,2021,6
2021-06-04,0.0,2021,6
2021-06-07,3.0,2021,6
2021-06-10,3.0,2021,6
2021-06-10,0.0,2021,6
2021-06-10,0.0,2021,6
2021-06-15,5.0,2021,6
2021-06-15,0.0,2021,6
2021-06-16,1.0,2021,6
2021-06-16,0.0,2021,6
2021-06-19,3.0,2021,6
2021-06-19,0.0,2021,6
2021-06-19,0.0,2021,6
2021-06-22,3.0,2021,6
2021-06-22,0.0,2021,6
2021-06-24,2.0,2021,6
2021-06-24,0.0,2021,6
2021-06-28,4.0,2021,6
2021-06-28,0.0,2021,6
2021-06-29,1.0,2021,6
2021-06-29,0.0,2021,6
2021-07-01,2.0,2021,7
2021-07-04,3.0,2021,7
2021-07-04,0.0,2021,7
2021-07-08,4.0,2021,7
2021-07-08,0.0,2021,7
2021-07-10,2.0,2021,7
2021-07-10,0.0,2021,7
2021-07-13,3.0,2021,7
2021-07-13,0.0,2021,7
2021-07-13,0.0,2021,7
2021-07-16,3.0,2021,7
2021-07-16,0.0,2021,7
2021-07-17,1.0,2021,7
2021-07-17,0.0,2021,7
2021-07-22,5.0,2021,7
2021-07-22,0.0,2021,7
2021-07-25,3.0,2021,7
2021-07-28,3.0,2021,7
2021-07-28,0.0,2021,7
2021-08-03,6.0,2021,8
2021-08-03,0.0,2021,8
2021-08-06,3.0,2021,8
2021-08-09,3.0,2021,8
2021-08-09,0.0,2021,8
2021-08-10,1.0,2021,8
2021-08-10,0.0,2021,8
2021-08-15,5.0,2021,8
2021-08-15,0.0,2021,8
2021-08-18,3.0,2021,8
2021-08-19,1.0,2021,8
2021-08-19,0.0,2021,8
2021-08-21,2.0,2021,8
2021-08-21,0.0,2021,8
2021-08-24,3.0,2021,8
2021-08-24,0.0,2021,8
2021-08-27,3.0,2021,8
2021-08-27,0.0,2021,8
2021-08-28,1.0,2021,8
2021-08-28,0.0,2021,8
2021-08-30,2.0,2021,8
2021-09-02,3.0,2021,9
2021-09-02,0.0,2021,9
2021-09-02,0.0,2021,9
2021-09-02,0.0,2021,9
2021-09-08,6.0,2021,9
2021-09-08,0.0,2021,9
2021-09-11,3.0,2021,9
2021-09-14,3.0,2021,9
2021-09-14,0.0,2021,9
2021-09-15,1.0,2021,9
2021-09-20,5.0,2021,9
2021-09-20,0.0,2021,9
2021-09-21,1.0,2021,9
2021-09-21,0.0,2021,9
2021-09-23,2.0,2021,9
2021-09-26,3.0,2021,9
2021-09-26,0.0,2021,9
2021-09-30,4.0,2021,9
2021-09-30,0.0,2021,9
2021-10-02,2.0,2021,10
2021-10-02,0.0,2021,10
2021-10-05,3.0,2021,10
2021-10-05,0.0,2021,10
2021-10-08,3.0,2021,10
2021-10-08,0.0,2021,10
2021-10-09,1.0,2021,10
2021-10-09,0.0,2021,10
2021-10-14,5.0,2021,10
2021-10-14,0.0,2021,10
2021-10-14,0.0,2021,10
2021-10-14,0.0,2021,10
2021-10-17,3.0,2021,10
2021-10-20,3.0,2021,10
2021-10-20,0.0,2021,10
2021-10-26,6.0,2021,10
2021-10-26,0.0,2021,10
2021-10-29,3.0,2021,10
2021-11-01,3.0,2021,11
2021-11-01,0.0,2021,11
2021-11-02,1.0,2021,11
2021-11-02,0.0,2021,11
2021-11-07,5.0,2021,11
2021-11-07,0.0,2021,11
2021-11-10,3.0,2021,11
2021-11-11,1.0,2021,11
2021-11-11,0.0,2021,11
2021-11-13,2.0,2021,11
2021-11-13,0.0,2021,11
2021-11-16,3.0,2021,11
2021-11-16,0.0,2021,11
2021-11-19,3.0,2021,11
2021-11-19,0.0,2021,11
2021-11-20,1.0,2021,11
2021-11-20,0.0,2021,11
2021-11-22,2.0,2021,11
2021-11-25,3.0,2021,11
2021-11-25,0.0,2021,11
2021-11-25,0.0,2021,11
2021-11-25,0.0,2021,11
2021-12-01,6.0,2021,12
2021-12-01,0.0,2021,12
2021-12-04,3.0,2021,12
2021-12-07,3.0,2021,12
2021-12-07,0.0,2021,12
2021-12-13,6.0,2021,12
2021-12-13,0.0,2021,12
2021-12-14,1.0,2021,12
2021-12-14,0.0,2021,12
2021-12-16,2.0,2021,12
2021-12-19,3.0,2021,12
2021-12-19,0.0,2021,12
2021-12-23,4.0,2021,12
2021-12-23,0.0,2021,12
2021-12-25,2.0,2021,12
2021-12-25,0.0,2021,12
2021-12-28,3.0,2021,12
2021-12-28,0.0,2021,12
2021-12-28,0.0,2021,12
2021-12-31,3.0,2021,12
2021-12-31,0.0,2021,12
2022-01-01,1.0,2022,1
2022-01-01,0.0,2022,1
2022-01-06,5.0,2022,1
2022-01-06,0.0,2022,1
2022-01-06,0.0,2022,1
2022-01-06,0.0,2022,1
2022-01-09,3.0,2022,1
2022-01-12,3.0,2022,1
2022-01-12,0.0,2022,1
2022-01-18,6.0,2022,1
2022-01-18,0.0,2022,1
2022-01-21,3.0,2022,1
2022-01-24,3.0,2022,1
2022-01-24,0.0,2022,1
2022-01-25,1.0,2022,1
2022-01-30,5.0,2022,1
2022-01-30,0.0,2022,1
2022-02-02,3.0,2022,2
2022-02-03,1.0,2022,2
2022-02-03,0.0,2022,2
2022-02-05,2.0,2022,2
2022-02-05,0.0,2022,2
2022-02-08,3.0,2022,2
2022-02-08,0.0,2022,2
2022-02-11,3.0,2022,2
2022-02-11,0.0,2022,2
2022-02-12,1.0,2022,2
2022-02-12,0.0,2022,2
2022-02-14,2.0,2022,2
2022-02-17,3.0,2022,2
2022-02-17,0.0,2022,2
2022-02-17,0.0,2022,2
2022-02-23,6.0,2022,2
2022-02-23,0.0,2022,2
2022-02-26,3.0,2022,2
2022-03-01,3.0,2022,3
2022-03-01,0.0,2022,3
2022-03-07,6.0,2022,3
2022-03-07,0.0,2022,3
2022-03-08,1.0,2022,3
2022-03-08,0.0,2022,3
2022-03-10,2.0,2022,3
2022-03-13,3.0,2022,3
2022-03-13,0.0,2022,3
2022-03-17,4.0,2022,3
2022-03-17,0.0,2022,3
2022-03-19,2.0,2022,3
2022-03-19,0.0,2022,3
2022-03-22,3.0,2022,3
2022-03-22,0.0,2022,3
2022-03-22,0.0,2022,3
2022-03-25,3.0,2022,3
2022-03-25,0.0,2022,3
2022-03-26,1.0,2022,3
2022-03-26,0.0,2022,3
2022-03-31,5.0,2022,3
2022-03-31,0.0,2022,3
2022-04-03,3.0,2022,4
2022-04-06,3.0,2022,4
2022-04-06,0.0,2022,4
2022-04-12,6.0,2022,4
2022-04-12,0.0,2022,4
2022-04-15,3.0,2022,4
2022-04-18,3.0,2022,4
2022-04-18,0.0,2022,4
2022-04-19,1.0,2022,4
2022-04-27,8.0,2022,4
2022-04-28,1.0,2022,4
2022-04-30,2.0,2022,4
2022-04-30,0.0,2022,4
2022-05-03,3.0,2022,5
2022-05-03,0.0,2022,5
2022-05-06,3.0,2022,5
2022-05-06,0.0,2022,5
2022-05-07,1.0,2022,5
2022-05-07,0.0,2022,5
2022-05-09,2.0,2022,5
2022-05-12,3.0,2022,5
2022-05-12,0.0,2022,5
2022-05-12,0.0,2022,5
2022-05-12,0.0,2022,5
2022-05-18,6.0,2022,5
2022-05-18,0.0,2022,5
2022-05-21,3.0,2022,5
2022-05-30,9.0,2022,5
2022-05-30,0.0,2022,5
2022-05-31,1.0,2022,5
2022-05-31,0.0,2022,5
2022-06-02,2.0,2022,6
2022-06-05,3.0,2022,6
2022-06-05,0.0,2022,6
2022-06-09,4.0,2022,6
2022-06-09,0.0,2022,6
2022-06-11,2.0,2022,6
2022-06-11,0.0,2022,6
2022-06-14,3.0,2022,6
2022-06-14,0.0,2022,6
2022-06-14,0.0,2022,6
2022-06-17,3.0,2022,6
2022-06-17,0.0,2022,6
2022-06-18,1.0,2022,6
2022-06-18,0.0,2022,6
2022-06-23,5.0,2022,6
2022-06-23,0.0,2022,6
2022-06-26,3.0,2022,6
2022-06-28,2.0,2022,6
2022-06-28,0.0,2022,6
2022-06-29,1.0,2022,6
2022-06-29,0.0,2022,6
2022-07-05,6.0,2022,7
2022-07-05,0.0,2022,7
2022-07-07,2.0,2022,7
2022-07-08,1.0,2022,7
2022-07-11,3.0,2022,7
2022-07-11,0.0,2022,7
2022-07-12,1.0,2022,7
2022-07-12,0.0,2022,7
2022-07-16,4.0,2022,7
2022-07-16,0.0,2022,7
2022-07-17,1.0,2022,7
2022-07-17,0.0,2022,7
2022-07-20,3.0,2022,7
2022-07-21,1.0,2022,7
2022-07-21,0.0,2022,7
2022-07-23,2.0,2022,7
2022-07-23,0.0,2022,7
2022-07-29,6.0,2022,7
2022-07-29,0.0,2022,7
2022-08-01,3.0,2022,8
2022-08-04,3.0,2022,8
2022-08-04,0.0,2022,8
2022-08-09,5.0,2022,8
2022-08-09,0.0,2022,8
2022-08-10,1.0,2022,8
2022-08-10,0.0,2022,8
2022-08-13,3.0,2022,8
2022-08-16,3.0,2022,8
2022-08-16,0.0,2022,8
2022-08-18,2.0,2022,8
2022-08-22,4.0,2022,8
2022-08-22,0.0,2022,8
2022-08-23,1.0,2022,8
2022-08-23,0.0,2022,8
2022-08-25,2.0,2022,8
2022-08-27,2.0,2022,8
2022-08-27,0.0,2022,8
2022-08-28,1.0,2022,8
2022-08-28,0.0,2022,8
2022-09-01,4.0,2022,9
2022-09-01,0.0,2022,9
2022-09-03,2.0,2022,9
2022-09-03,0.0,2022,9
2022-09-06,3.0,2022,9
2022-09-14,8.0,2022,9
2022-09-15,1.0,2022,9
2022-09-15,0.0,2022,9
2022-09-18,3.0,2022,9
2022-09-20,2.0,2022,9
2022-09-20,0.0,2022,9
2022-09-21,1.0,2022,9
2022-09-21,0.0,2022,9
2022-09-27,6.0,2022,9
2022-09-27,0.0,2022,9
2022-09-29,2.0,2022,9
2022-09-29,0.0,2022,9
2022-09-30,1.0,2022,9
2022-10-03,3.0,2022,10
2022-10-03,0.0,2022,10
2022-10-04,1.0,2022,10
2022-10-04,0.0,2022,10
2022-10-08,4.0,2022,10
2022-10-08,0.0,2022,10
2022-10-09,1.0,2022,10
2022-10-09,0.0,2022,10
2022-10-12,3.0,2022,10
2022-10-13,1.0,2022,10
2022-10-13,0.0,2022,10
2022-10-21,8.0,2022,10
2022-10-21,0.0,2022,10
2022-10-24,3.0,2022,10
2022-10-27,3.0,2022,10
2022-10-27,0.0,2022,10
2022-11-01,5.0,2022,11
2022-11-01,0.0,2022,11
2022-11-02,1.0,2022,11
2022-11-02,0.0,2022,11
2022-11-05,3.0,2022,11
2022-11-08,3.0,2022,11
2022-11-08,0.0,2022,11
2022-11-10,2.0,2022,11
2022-11-10,0.0,2022,11
2022-11-14,4.0,2022,11
2022-11-14,0.0,2022,11
2022-11-15,1.0,2022,11
2022-11-15,0.0,2022,11
2022-11-17,2.0,2022,11
2022-11-19,2.0,2022,11
2022-11-19,0.0,2022,11
2022-11-20,1.0,2022,11
2022-11-20,0.0,2022,11
2022-11-24,4.0,2022,11
2022-11-24,0.0,2022,11
2022-11-26,2.0,2022,11
2022-11-26,0.0,2022,11
2022-11-29,3.0,2022,11
2022-12-02,3.0,2022,12
2022-12-02,0.0,2022,12
2022-12-08,6.0,2022,12
2022-12-08,0.0,2022,12
2022-12-11,3.0,2022,12
2022-12-13,2.0,2022,12
2022-12-13,0.0,2022,12
2022-12-14,1.0,2022,12
2022-12-14,0.0,2022,12
2022-12-22,8.0,2022,12
2022-12-22,0.0,2022,12
2022-12-23,1.0,2022,12
2022-12-26,3.0,2022,12
2022-12-26,0.0,2022,12
2022-12-27,1.0,2022,12
2022-12-27,0.0,2022,12
2022-12-31,4.0,2022,12
2022-12-31,0.0,2022,12
2023-01-01,1.0,2023,1
2023-01-01,0.0,2023,1
2023-01-04,3.0,2023,1
2023-01-05,1.0,2023,1
2023-01-05,0.0,2023,1
2023-01-07,2.0,2023,1
2023-01-07,0.0,2023,1
2023-01-13,6.0,2023,1
2023-01-13,0.0,2023,1
2023-01-16,3.0,2023,1
2023-01-19,3.0,2023,1
2023-01-19,0.0,2023,1
2023-01-24,5.0,2023,1
2023-01-24,0.0,2023,1
2023-01-25,1.0,2023,1
2023-01-25,0.0,2023,1
2023-01-28,3.0,2023,1
2023-01-31,3.0,2023,1
2023-01-31,0.0,2023,1
2023-02-02,2.0,2023,2
2023-02-02,0.0,2023,2
2023-02-06,4.0,2023,2
2023-02-06,0.0,2023,2
2023-02-07,1.0,2023,2
2023-02-07,0.0,2023,2
2023-02-09,2.0,2023,2
2023-02-11,2.0,2023,2
2023-02-11,0.0,2023,2
2023-02-16,5.0,2023,2
2023-02-16,0.0,2023,2
2023-02-18,2.0,2023,2
2023-02-18,0.0,2023,2
2023-02-21,3.0,2023,2
2023-02-24,3.0,2023,2
2023-02-24,0.0,2023,2
2023-03-02,6.0,2023,3
2023-03-02,0.0,2023,3
2023-03-05,3.0,2023,3
2023-03-07,2.0,2023,3
2023-03-07,0.0,2023,3
2023-03-08,1.0,2023,3
2023-03-08,0.0,2023,3
2023-03-14,6.0,2023,3
2023-03-14,0.0,2023,3
2023-03-16,2.0,2023,3
2023-03-16,0.0,2023,3
2023-03-17,1.0,2023,3
2023-03-21,4.0,2023,3
2023-03-21,0.0,2023,3
2023-03-25,4.0,2023,3
2023-03-25,0.0,2023,3
2023-03-26,1.0,2023,3
2023-03-26,0.0,2023,3
2023-03-30,4.0,2023,3
2023-03-30,0.0,2023,3
2023-04-07,8.0,2023,4
2023-04-07,0.0,2023,4
2023-04-10,3.0,2023,4
2023-04-13,3.0,2023,4
2023-04-13,0.0,2023,4
2023-04-18,5.0,2023,4
2023-04-19,1.0,2023,4
2023-04-19,0.0,2023,4
2023-04-22,3.0,2023,4
2023-04-25,3.0,2023,4
2023-04-25,0.0,2023,4
2023-04-26,1.0,2023,4
2023-05-01,5.0,2023,5
2023-05-01,0.0,2023,5
2023-05-02,1.0,2023,5
2023-05-02,0.0,2023,5
2023-05-04,2.0,2023,5
2023-05-06,2.0,2023,5
2023-05-06,0.0,2023,5
2023-05-07,1.0,2023,5
2023-05-07,0.0,2023,5
2023-05-11,4.0,2023,5
2023-05-11,0.0,2023,5
2023-05-13,2.0,2023,5
2023-05-13,0.0,2023,5
2023-05-16,3.0,2023,5
2023-05-19,3.0,2023,5
2023-05-19,0.0,2023,5
2023-05-24,5.0,2023,5
2023-05-25,1.0,2023,5
2023-05-25,0.0,2023,5
2023-05-28,3.0,2023,5
2023-05-30,2.0,2023,5
2023-05-31,1.0,2023,5
2023-05-31,0.0,2023,5
2023-06-06,6.0,2023,6
2023-06-06,0.0,2023,6
2023-06-07,1.0,2023,6
2023-06-08,1.0,2023,6
2023-06-09,1.0,2023,6
2023-06-13,4.0,2023,6
2023-06-13,0.0,2023,6
2023-06-17,4.0,2023,6
2023-06-17,0.0,2023,6
2023-06-21,4.0,2023,6
2023-06-24,3.0,2023,6
2023-06-24,0.0,2023,6
2023-06-30,6.0,2023,6
2023-06-30,0.0,2023,6
2023-07-03,3.0,2023,7
2023-07-05,2.0,2023,7
2023-07-06,1.0,2023,7
2023-07-06,0.0,2023,7
2023-07-06,0.0,2023,7
2023-07-11,5.0,2023,7
2023-07-11,0.0,2023,7
2023-07-12,1.0,2023,7
2023-07-12,0.0,2023,7
2023-07-15,3.0,2023,7
2023-07-15,0.0,2023,7
2023-07-15,0.0,2023,7
2023-07-18,3.0,2023,7
2023-07-18,0.0,2023,7
2023-07-24,6.0,2023,7
2023-07-24,0.0,2023,7
2023-07-27,3.0,2023,7
2023-07-30,3.0,2023,7
2023-07-30,0.0,2023,7
2023-08-02,3.0,2023,8
2023-08-05,3.0,2023,8
2023-08-05,0.0,2023,8
2023-08-08,3.0,2023,8
2023-08-08,0.0,2023,8
2023-08-11,3.0,2023,8
2023-08-11,0.0,2023,8
2023-08-16,5.0,2023,8
2023-08-17,1.0,2023,8
2023-08-17,0.0,2023,8
2023-08-20,3.0,2023,8
2023-08-22,2.0,2023,8
2023-08-22,0.0,2023,8
2023-08-23,1.0,2023,8
2023-08-23,0.0,2023,8
2023-08-26,3.0,2023,8
2023-08-26,0.0,2023,8
2023-08-29,3.0,2023,8
2023-08-29,0.0,2023,8
2023-08-31,2.0,2023,8
2023-08-31,0.0,2023,8
2023-09-01,1.0,2023,9
2023-09-04,3.0,2023,9
2023-09-04,0.0,2023,9
2023-09-10,6.0,2023,9
2023-09-10,0.0,2023,9
2023-09-13,3.0,2023,9
2023-09-16,3.0,2023,9
2023-09-16,0.0,2023,9
2023-09-19,3.0,2023,9
2023-09-22,3.0,2023,9
2023-09-22,0.0,2023,9
2023-09-25,3.0,2023,9
2023-09-27,2.0,2023,9
2023-09-28,1.0,2023,9
2023-09-28,0.0,2023,9
2023-09-28,0.0,2023,9
2023-10-03,5.0,2023,10
2023-10-03,0.0,2023,10
2023-10-04,1.0,2023,10
2023-10-04,0.0,2023,10
2023-10-07,3.0,2023,10
2023-10-10,3.0,2023,10
2023-10-10,0.0,2023,10
2023-10-11,1.0,2023,10
2023-10-16,5.0,2023,10
2023-10-16,0.0,2023,10
2023-10-19,3.0,2023,10
2023-10-22,3.0,2023,10
2023-10-22,0.0,2023,10
2023-10-31,9.0,2023,10
2023-10-31,0.0,2023,10
2023-11-03,3.0,2023,11
2023-11-03,0.0,2023,11
2023-11-08,5.0,2023,11
2023-11-09,1.0,2023,11
2023-11-09,0.0,2023,11
2023-11-12,3.0,2023,11
2023-11-14,2.0,2023,11
2023-11-14,0.0,2023,11
2023-11-15,1.0,2023,11
2023-11-15,0.0,2023,11
2023-11-18,3.0,2023,11
2023-11-18,0.0,2023,11
2023-11-24,6.0,2023,11
2023-11-27,3.0,2023,11
2023-11-27,0.0,2023,11
2023-12-06,9.0,2023,12
2023-12-06,0.0,2023,12
2023-12-09,3.0,2023,12
2023-12-09,0.0,2023,12
2023-12-12,3.0,2023,12
2023-12-18,6.0,2023,12
2023-12-21,3.0,2023,12
2023-12-21,0.0,2023,12
2023-12-21,0.0,2023,12
2023-12-26,5.0,2023,12
2023-12-26,0.0,2023,12
2023-12-30,4.0,2023,12
2024-01-02,3.0,2024,1
2024-01-02,0.0,2024,1
2024-01-03,1.0,2024,1
2024-01-11,8.0,2024,1
2024-01-14,3.0,2024,1
2024-01-14,0.0,2024,1
2024-01-17,3.0,2024,1
2024-01-20,3.0,2024,1
2024-01-20,0.0,2024,1
2024-01-23,3.0,2024,1
2024-01-23,0.0,2024,1
2024-01-26,3.0,2024,1
2024-01-26,0.0,2024,1
2024-01-31,5.0,2024,1
2024-02-01,1.0,2024,2
2024-02-01,0.0,2024,2
2024-02-01,0.0,2024,2
2024-02-04,3.0,2024,2
2024-02-06,2.0,2024,2
2024-02-06,0.0,2024,2
2024-02-07,1.0,2024,2
2024-02-07,0.0,2024,2
2024-02-10,3.0,2024,2
2024-02-10,0.0,2024,2
2024-02-13,3.0,2024,2
2024-02-13,0.0,2024,2
2024-02-14,1.0,2024,2
2024-02-16,2.0,2024,2
2024-02-25,9.0,2024,2
2024-02-25,0.0,2024,2
2024-02-28,3.0,2024,2
2024-02-28,0.0,2024,2
2024-03-02,3.0,2024,3
2024-03-02,0.0,2024,3
2024-03-05,3.0,2024,3
2024-03-08,3.0,2024,3
2024-03-08,0.0,2024,3
2024-03-11,3.0,2024,3
2024-03-13,2.0,2024,3
2024-03-14,1.0,2024,3
2024-03-14,0.0,2024,3
2024-03-14,0.0,2024,3
2024-03-19,5.0,2024,3
2024-03-19,0.0,2024,3
2024-03-20,1.0,2024,3
2024-03-20,0.0,2024,3
2024-03-23,3.0,2024,3
2024-03-26,3.0,2024,3
2024-03-26,0.0,2024,3
2024-03-27,1.0,2024,3
2024-04-01,5.0,2024,4
2024-04-01,0.0,2024,4
2024-04-04,3.0,2024,4
2024-04-07,3.0,2024,4
2024-04-07,0.0,2024,4
2024-04-10,3.0,2024,4
2024-04-16,6.0,2024,4
2024-04-19,3.0,2024,4
2024-04-19,0.0,2024,4
2024-04-24,5.0,2024,4
2024-04-28,4.0,2024,4
2024-05-01,3.0,2024,5
2024-05-01,0.0,2024,5
2024-05-04,3.0,2024,5
2024-05-04,0.0,2024,5
2024-05-08,4.0,2024,5
2024-05-10,2.0,2024,5
2024-05-19,9.0,2024,5
2024-05-19,0.0,2024,5
2024-05-22,3.0,2024,5
2024-05-22,0.0,2024,5
2024-05-25,3.0,2024,5
2024-05-25,0.0,2024,5
2024-05-31,6.0,2024,5
2024-05-31,0.0,2024,5
2024-06-03,3.0,2024,6
2024-06-06,3.0,2024,6
2024-06-06,0.0,2024,6
2024-06-12,6.0,2024,6
2024-06-12,0.0,2024,6
2024-06-15,3.0,2024,6
2024-06-15,0.0,2024,6
2024-06-15,0.0,2024,6
2024-06-18,3.0,2024,6
2024-06-18,0.0,2024,6
2024-06-19,1.0,2024,6
2024-06-20,1.0,2024,6
2024-06-20,0.0,2024,6
2024-06-24,4.0,2024,6
2024-06-24,0.0,2024,6
2024-06-27,3.0,2024,6
2024-07-03,6.0,2024,7
2024-07-09,6.0,2024,7
2024-07-12,3.0,2024,7
2024-07-12,0.0,2024,7
2024-07-13,1.0,2024,7
2024-07-13,0.0,2024,7
2024-07-17,4.0,2024,7
2024-07-21,4.0,2024,7
2024-07-24,3.0,2024,7
2024-07-24,0.0,2024,7
2024-07-27,3.0,2024,7
2024-07-27,0.0,2024,7
2024-07-31,4.0,2024,7
2024-08-02,2.0,2024,8
2024-08-05,3.0,2024,8
2024-08-05,0.0,2024,8
2024-08-05,0.0,2024,8
2024-08-10,5.0,2024,8
2024-08-11,1.0,2024,8
2024-08-11,0.0,2024,8
2024-08-14,3.0,2024,8
2024-08-14,0.0,2024,8
2024-08-17,3.0,2024,8
2024-08-17,0.0,2024,8
2024-08-23,6.0,2024,8
2024-08-23,0.0,2024,8
2024-08-24,1.0,2024,8
2024-08-24,0.0,2024,8
2024-08-24,0.0,2024,8
2024-08-26,2.0,2024,8
2024-08-28,2.0,2024,8
2024-08-29,1.0,2024,8
2024-08-29,0.0,2024,8
2024-09-02,4.0,2024,9
2024-09-04,2.0,2024,9
2024-09-04,0.0,2024,9
2024-09-07,3.0,2024,9
2024-09-10,3.0,2024,9
2024-09-10,0.0,2024,9
2024-09-11,1.0,2024,9
2024-09-16,5.0,2024,9
2024-09-16,0.0,2024,9
2024-09-19,3.0,2024,9
2024-09-21,2.0,2024,9
2024-09-21,0.0,2024,9
2024-09-22,1.0,2024,9
2024-09-22,0.0,2024,9
2024-09-28,6.0,2024,9
2024-09-28,0.0,2024,9
2024-10-01,3.0,2024,10
2024-10-01,0.0,2024,10
2024-10-01,0.0,2024,10
2024-10-04,3.0,2024,10
2024-10-04,0.0,2024,10
2024-10-09,5.0,2024,10
2024-10-10,1.0,2024,10
2024-10-10,0.0,2024,10
2024-10-13,3.0,2024,10
2024-10-16,3.0,2024,10
2024-10-16,0.0,2024,10
2024-10-22,6.0,2024,10
2024-10-22,0.0,2024,10
2024-10-25,3.0,2024,10
2024-10-28,3.0,2024,10
2024-10-28,0.0,2024,10
2024-11-03,6.0,2024,11
2024-11-03,0.0,2024,11
2024-11-06,3.0,2024,11
2024-11-06,0.0,2024,11
2024-11-09,3.0,2024,11
2024-11-09,0.0,2024,11
2024-11-15,6.0,2024,11
2024-11-15,0.0,2024,11
2024-11-18,3.0,2024,11
2024-11-21,3.0,2024,11
2024-11-21,0.0,2024,11
2024-11-26,5.0,2024,11
2024-11-26,0.0,2024,11
2024-11-27,1.0,2024,11
2024-11-27,0.0,2024,11
2024-11-30,3.0,2024,11
2024-11-30,0.0,2024,11
2024-11-30,0.0,2024,11
2024-12-03,3.0,2024,12
2024-12-03,0.0,2024,12
2024-12-09,6.0,2024,12
2024-12-09,0.0,2024,12
2024-12-12,3.0,2024,12
2024-12-15,3.0,2024,12
2024-12-15,0.0,2024,12
2024-12-21,6.0,2024,12
2024-12-21,0.0,2024,12
2024-12-24,3.0,2024,12
2024-12-24,0.0,2024,12
2024-12-24,0.0,2024,12
2024-12-27,3.0,2024,12
2024-12-27,0.0,2024,12
2024-12-28,1.0,2024,12
2024-12-28,0.0,2024,12
2025-01-01,4.0,2025,1
2025-01-02,1.0,2025,1
2025-01-02,0.0,2025,1
2025-01-05,3.0,2025,1
2025-01-08,3.0,2025,1
2025-01-08,0.0,2025,1
2025-01-14,6.0,2025,1
2025-01-14,0.0,2025,1
2025-01-15,1.0,2025,1
2025-01-17,2.0,2025,1
2025-01-20,3.0,2025,1
2025-01-20,0.0,2025,1
2025-01-26,6.0,2025,1
2025-01-26,0.0,2025,1
2025-01-29,3.0,2025,1
2025-01-29,0.0,2025,1
2025-02-01,3.0,2025,2
2025-02-01,0.0,2025,2
2025-02-04,3.0,2025,2
2025-02-04,0.0,2025,2
2025-02-07,3.0,2025,2
2025-02-07,0.0,2025,2
2025-02-08,1.0,2025,2
2025-02-08,0.0,2025,2
2025-02-10,2.0,2025,2
2025-02-12,2.0,2025,2
2025-02-13,1.0,2025,2
2025-02-13,0.0,2025,2
2025-02-13,0.0,2025,2
2025-02-13,0.0,2025,2
2025-02-19,6.0,2025,2
2025-02-19,0.0,2025,2
2025-02-22,3.0,2025,2
2025-02-25,3.0,2025,2
2025-02-25,0.0,2025,2
2025-02-26,1.0,2025,2
2025-03-03,5.0,2025,3
2025-03-03,0.0,2025,3
2025-03-06,3.0,2025,3
2025-03-09,3.0,2025,3
2025-03-09,0.0,2025,3
2025-03-12,3.0,2025,3
2025-03-18,6.0,2025,3
2025-03-18,0.0,2025,3
2025-03-18,0.0,2025,3
2025-03-21,3.0,2025,3
2025-03-21,0.0,2025,3
2025-03-22,1.0,2025,3
2025-03-22,0.0,2025,3
2025-03-26,4.0,2025,3
2025-03-27,1.0,2025,3
2025-03-27,0.0,2025,3
2025-03-27,0.0,2025,3
2025-03-27,0.0,2025,3
2025-03-30,3.0,2025,3
2025-04-02,3.0,2025,4
2025-04-02,0.0,2025,4
2025-04-08,6.0,2025,4
2025-04-08,0.0,2025,4
2025-04-09,1.0,2025,4
2025-04-11,2.0,2025,4
2025-04-14,3.0,2025,4
2025-04-14,0.0,2025,4
2025-04-20,6.0,2025,4
2025-04-20,0.0,2025,4
2025-04-23,3.0,2025,4
2025-04-23,0.0,2025,4
2025-05-02,9.0,2025,5
2025-05-02,0.0,2025,5
2025-05-03,1.0,2025,5
2025-05-03,0.0,2025,5
2025-05-05,2.0,2025,5
2025-05-07,2.0,2025,5
2025-05-08,1.0,2025,5
2025-05-08,0.0,2025,5
2025-05-14,6.0,2025,5
2025-05-14,0.0,2025,5
2025-05-17,3.0,2025,5
2025-05-21,4.0,2025,5
2025-05-26,5.0,2025,5
2025-05-26,0.0,2025,5
2025-05-26,0.0,2025,5
2025-05-26,0.0,2025,5
2025-05-29,3.0,2025,5
2025-06-01,3.0,2025,6
2025-06-01,0.0,2025,6
2025-06-04,3.0,2025,6
2025-06-07,3.0,2025,6
2025-06-07,0.0,2025,6
2025-06-10,3.0,2025,6
2025-06-10,0.0,2025,6
2025-06-10,0.0,2025,6
2025-06-14,4.0,2025,6
2025-06-14,0.0,2025,6
2025-06-18,4.0,2025,6
2025-06-19,1.0,2025,6
2025-06-19,0.0,2025,6
2025-06-22,3.0,2025,6
2025-06-23,1.0,2025,6
2025-06-23,0.0,2025,6
2025-06-25,2.0,2025,6
2025-06-25,0.0,2025,6
2025-07-02,7.0,2025,7
2025-07-04,2.0,2025,7
2025-07-07,3.0,2025,7
2025-07-07,0.0,2025,7
2025-07-12,5.0,2025,7
2025-07-12,0.0,2025,7
2025-07-13,1.0,2025,7
2025-07-13,0.0,2025,7
2025-07-16,3.0,2025,7
2025-07-16,0.0,2025,7
2025-07-19,3.0,2025,7
2025-07-19,0.0,2025,7
2025-07-25,6.0,2025,7
2025-07-25,0.0,2025,7
2025-07-28,3.0,2025,7
2025-07-30,2.0,2025,7
2025-07-31,1.0,2025,7
2025-08-04,4.0,2025,8
2025-08-04,0.0,2025,8
2025-08-06,2.0,2025,8
2025-08-09,3.0,2025,8
2025-08-12,3.0,2025,8
2025-08-12,0.0,2025,8
2025-08-18,6.0,2025,8
2025-08-19,1.0,2025,8
2025-08-19,0.0,2025,8
2025-08-21,2.0,2025,8
2025-08-23,2.0,2025,8
2025-08-23,0.0,2025,8
2025-08-24,1.0,2025,8
2025-08-24,0.0,2025,8
2025-08-27,3.0,2025,8
2025-08-28,1.0,2025,8
2025-08-28,0.0,2025,8
2025-08-30,2.0,2025,8
2025-09-01,2.0,2025,9
2025-09-02,1.0,2025,9
2025-09-05,3.0,2025,9
2025-09-05,0.0,2025,9
2025-09-11,6.0,2025,9
2025-09-14,3.0,2025,9
2025-09-17,3.0,2025,9
2025-09-17,0.0,2025,9
2025-09-23,6.0,2025,9
2025-09-26,3.0,2025,9
2025-09-29,3.0,2025,9
2025-09-29,0.0,2025,9
2025-09-30,1.0,2025,9
2025-09-30,0.0,2025,9
2025-10-04,4.0,2025,10
2025-10-04,0.0,2025,10
2025-10-05,1.0,2025,10
2025-10-08,3.0,2025,10
2025-10-11,3.0,2025,10
2025-10-11,0.0,2025,10
2025-10-17,6.0,2025,10
2025-10-20,3.0,2025,10
2025-10-23,3.0,2025,10
2025-10-23,0.0,2025,10
2025-10-29,6.0,2025,10
2025-11-01,3.0,2025,11
2025-11-04,3.0,2025,11
2025-11-04,0.0,2025,11
