date,date_millis,rainfall_5day_mm,source,is_dry
2014-11-08,1415490947250,0.009243353770889633,S1,True
2014-11-13,1415923436790,0.00546012257734325,S1,True
2014-11-29,1417240433606,0.0,ALOS2,True
2014-11-29,1417240474363,0.0,ALOS2,True
2014-12-02,1417564546650,0.008214723641635634,S1,True
2014-12-04,1417672851491,0.008214723641635634,ALOS2,True
2014-12-04,1417672891468,0.008214723641635634,ALOS2,True
2014-12-07,1417997036390,0.0,S1,True
2014-12-26,1419638145800,0.0,S1,True
2014-12-31,1420070635640,53.3889395138782,S1,False
2015-01-06,1420524468875,43.59512173422519,ALOS2,False
2015-01-06,1420524508853,43.59512173422519,ALOS2,False
2015-01-10,1420869233998,0.0,ALOS2,True
2015-01-10,1420869273975,0.0,ALOS2,True
2015-01-15,1421301650844,0.0,ALOS2,True
2015-01-15,1421301691603,0.0,ALOS2,True
2015-01-19,1421711745070,0.0,S1,True
2015-02-12,1423785344180,1.0292433241728869,S1,True
2015-02-17,1424153267845,6.581758549061731,ALOS2,True
2015-02-17,1424153308604,6.581758549061731,ALOS2,True
2015-02-17,1424217834500,6.421830128346988,S1,True
2015-03-01,1425254634540,0.05000000287053044,S1,True
2015-03-08,1425858944710,3.606809747540573,S1,True
2015-03-25,1427328234880,0.1597136942277413,S1,True
2015-03-31,1427782066247,40.49259831249173,ALOS2,False
2015-03-31,1427782107005,40.49259831249173,ALOS2,False
2015-04-01,1427932545150,19.17011419537616,S1,False
2015-04-04,1428126831030,18.59729210651672,ALOS2,False
2015-04-04,1428126871789,18.59729210651672,ALOS2,False
2015-04-09,1428559248424,52.28543825766761,ALOS2,False
2015-04-09,1428559289178,52.28543825766761,ALOS2,False
2015-04-18,1429401835880,18.95453937514161,S1,False
2015-04-25,1430006146350,115.13342251987834,S1,False
2015-04-28,1430201265241,131.46178624916112,ALOS2,False
2015-11-27,1448668547690,0.0,S1,True
2015-11-28,1448690028951,0.0,ALOS2,True
2015-11-28,1448690069713,0.0,ALOS2,True
2015-12-14,1450137837050,0.025940694571958366,S1,True
2015-12-26,1451174651390,0.0,S1,True
2016-01-05,1451974063480,0.0075194277040706095,ALOS2,True
2016-01-05,1451974104239,0.0075194277040706095,ALOS2,True
2016-01-14,1452751245831,0.1123926362255112,ALOS2,True
2016-01-14,1452751286593,0.1123926362255112,ALOS2,True
2016-01-31,1454285035540,0.10059918634639194,S1,True
2016-02-07,1454889345460,6.719887372294864,S1,True
2016-02-12,1455321849990,6.773466102289444,S1,True
2016-02-20,1455947628208,0.1379652312920564,ALOS2,True
2016-02-20,1455947668963,0.1379652312920564,ALOS2,True
2016-02-24,1456358635180,83.3087300129391,S1,False
2016-03-02,1456962945450,2.5360275505754353,S1,True
2016-03-24,1458843764320,0.07169733991073196,ALOS2,True
2016-04-02,1459576426888,26.549008597365575,ALOS2,False
2016-04-02,1459576467650,26.549008597365575,ALOS2,False
2016-04-12,1460505836000,0.26906952627978314,S1,True
2016-04-19,1461110146770,1.0167177684247066,S1,True
2016-11-02,1478131442050,23.83691764805763,S1,False
2016-11-14,1479168241900,0.0,S1,True
2016-11-21,1479772557380,0.12692228677455938,S1,True
2016-11-22,1479794861253,0.12692228677455938,ALOS2,True
2016-11-22,1479794902012,0.12692228677455938,ALOS2,True
2016-11-26,1480139626069,0.020858894462234406,ALOS2,True
2016-11-26,1480139666832,0.020858894462234406,ALOS2,True
2016-12-01,1480572043775,0.005838445677271527,ALOS2,True
2016-12-01,1480572084538,0.005838445677271527,ALOS2,True
2016-12-08,1481241841300,0.0,S1,True
2016-12-15,1481846156000,0.18601226288604344,S1,True
2017-01-01,1483315439000,0.0020000000949949026,S1,True
2017-01-07,1483768425829,0.0,ALOS2,True
2017-01-07,1483768466587,0.0,ALOS2,True
2017-01-08,1483919754660,0.0,S1,True
2017-01-12,1484200843177,0.0,ALOS2,True
2017-01-12,1484200883935,0.0,ALOS2,True
2017-01-25,1485389038000,0.009345603063093129,S1,True
2017-02-01,1485993354000,0.0014918201117574454,S1,True
2017-02-06,1486425838000,0.0,S1,True
2017-02-18,1487462653000,0.0,S1,True
2017-02-23,1487829642559,0.0,ALOS2,True
2017-02-23,1487829683321,0.0,ALOS2,True
2017-02-25,1488066958000,0.0,S1,True
2017-03-02,1488499453000,0.0891175910160098,S1,True
2017-03-09,1489103758000,86.71209403728125,S1,False
2017-03-21,1490140550000,25.788353200457184,S1,False
2017-03-26,1490573037000,0.0,S1,True
2017-03-26,1490573062730,0.0,S1,True
2017-04-02,1491177350800,0.0264110439847431,S1,True
2017-04-06,1491458440557,0.022014314074503497,ALOS2,True
2017-04-06,1491458481319,0.022014314074503497,ALOS2,True
2017-04-07,1491609838000,3.5356849547464146,S1,True
2017-04-07,1491609863000,3.5356849547464146,S1,True
2017-04-14,1492214151330,0.0,S1,True
2017-04-19,1492646638830,8.597535587014947,S1,True
2017-04-19,1492646663830,8.597535587014947,S1,True
2017-04-26,1493250951000,25.372320660226166,S1,False
2017-11-04,1509839759000,0.060236199128542445,S1,True
2017-11-09,1510272246000,0.0,S1,True
2017-11-09,1510272271000,0.0,S1,True
2017-11-16,1510876559000,87.50265627518556,S1,False
2017-11-21,1511244458593,9.601247184464215,ALOS2,True
2017-11-21,1511244499352,9.601247184464215,ALOS2,True
2017-11-25,1511589224179,0.0,ALOS2,True
2017-11-25,1511589264941,0.0,ALOS2,True
2017-11-28,1511913359000,0.0,S1,True
2017-11-30,1512021641673,0.024549080896932165,ALOS2,True
2017-11-30,1512021682436,0.024549080896932165,ALOS2,True
2017-12-03,1512345846000,0.024549080896932165,S1,True
2017-12-03,1512345871000,0.024549080896932165,S1,True
2017-12-10,1512950158000,36.22554099162495,S1,False
2017-12-22,1513986958000,0.0,S1,True
2017-12-27,1514419445000,0.0,S1,True
2017-12-27,1514419470000,0.0,S1,True
2018-01-03,1515023757000,0.40751430627690904,S1,True
2018-01-06,1515218025472,0.4052556149931986,ALOS2,True
2018-01-06,1515218066234,0.4052556149931986,ALOS2,True
2018-01-08,1515456244000,0.0,S1,True
2018-01-08,1515456269000,0.0,S1,True
2018-01-11,1515650442542,0.0,ALOS2,True
2018-01-11,1515650483301,0.0,ALOS2,True
2018-01-15,1516060557000,0.0,S1,True
2018-01-20,1516493044000,0.0,S1,True
2018-01-20,1516493069000,0.0,S1,True
2018-01-27,1517097357000,0.0,S1,True
2018-01-30,1517292460002,0.0,ALOS2,True
2018-01-30,1517292500761,0.0,ALOS2,True
2018-02-01,1517529844000,0.0025562373101130384,S1,True
2018-02-01,1517529869000,0.0025562373101130384,S1,True
2018-02-08,1518069642677,3.5701328345797267,ALOS2,True
2018-02-08,1518069683436,3.5701328345797267,ALOS2,True
2018-02-08,1518134156000,3.5701328345797267,S1,True
2018-02-13,1518502059495,0.5705521309115983,ALOS2,True
2018-02-13,1518502100257,0.5705521309115983,ALOS2,True
2018-02-13,1518566644000,0.5726277954868805,S1,True
2018-02-13,1518566669000,0.5726277954868805,S1,True
2018-02-17,1518846824898,0.2399181920296088,ALOS2,True
2018-02-17,1518846865660,0.2399181920296088,ALOS2,True
2018-02-20,1519170956000,0.0,S1,True
2018-02-22,1519279242331,0.0,ALOS2,True
2018-02-22,1519279283093,0.0,ALOS2,True
2018-02-25,1519603443000,0.9000613240292772,S1,True
2018-02-25,1519603468000,0.9000613240292772,S1,True
2018-03-04,1520207756000,1.919736135505799,S1,True
2018-03-09,1520640243000,1.9156747856301184,S1,True
2018-03-09,1520640268000,1.9156747856301184,S1,True
2018-03-16,1521244556000,7.034417011064681,S1,True
2018-03-21,1521677043000,2.465644103282556,S1,True
2018-03-21,1521677068000,2.465644103282556,S1,True
2018-03-27,1522130858734,0.1879959038662551,ALOS2,True
2018-03-27,1522130899496,0.1879959038662551,ALOS2,True
2018-03-28,1522281357000,0.022658486201109822,S1,True
2018-03-31,1522475624050,16.309128337461644,ALOS2,False
2018-03-31,1522475664812,16.309128337461644,ALOS2,False
2018-04-09,1523318157000,23.454968824874083,S1,False
2018-04-21,1524354957000,32.154201620766905,S1,False
2018-04-26,1524787445000,92.79772771813226,S1,False
2018-04-26,1524787470000,92.79772771813226,S1,False
2018-11-04,1541376253000,0.24331083821784133,S1,True
2018-11-04,1541376278000,0.24331083821784133,S1,True
2018-11-06,1541484499377,4.753619524503625,ALOS2,True
2018-11-11,1541980566000,9.057964973056457,S1,True
2018-11-15,1542261641828,4.5335581267180185,ALOS2,True
2018-11-15,1542261682587,4.5335581267180185,ALOS2,True
2018-11-16,1542413053000,4.5335581267180185,S1,True
2018-11-16,1542413078000,4.5335581267180185,S1,True
2018-11-20,1542694059165,0.021635991046947932,ALOS2,True
2018-11-20,1542694099923,0.021635991046947932,ALOS2,True
2018-11-23,1543017366000,0.16347648022822076,S1,True
2018-11-24,1543038824568,0.16347648022822076,ALOS2,True
2018-11-24,1543038865328,0.16347648022822076,ALOS2,True
2018-11-28,1543449852000,0.0,S1,True
2018-11-28,1543449877000,0.0,S1,True
2018-11-29,1543471241995,0.0,ALOS2,True
2018-11-29,1543471282755,0.0,ALOS2,True
2018-12-10,1544486652000,0.7321063260298322,S1,True
2018-12-10,1544486677000,0.7321063260298322,S1,True
2018-12-17,1545090965000,24.51318950511911,S1,False
2018-12-18,1545113300917,24.51318950511911,ALOS2,False
2018-12-22,1545523452000,0.7209509041651717,S1,True
2018-12-22,1545523477000,0.7209509041651717,S1,True
2018-12-27,1545890483826,0.0,ALOS2,True
2018-12-29,1546127764000,0.0,S1,True
2019-01-01,1546322860183,0.0020000000949949026,ALOS2,True
2019-01-01,1546322900941,0.0020000000949949026,ALOS2,True
2019-01-03,1546560251000,0.0020000000949949026,S1,True
2019-01-03,1546560276000,0.0020000000949949026,S1,True
2019-01-05,1546667625822,0.0020000000949949026,ALOS2,True
2019-01-05,1546667666584,0.0020000000949949026,ALOS2,True
2019-01-10,1547100043211,0.0,ALOS2,True
2019-01-10,1547100083971,0.0,ALOS2,True
2019-01-10,1547164564000,0.07300613372603809,S1,True
2019-01-15,1547597051000,0.0761349680119314,S1,True
2019-01-15,1547597076000,0.0761349680119314,S1,True
2019-01-22,1548201363000,0.0,S1,True
2019-01-27,1548633851000,2.6884150532396145,S1,True
2019-01-27,1548633876000,2.6884150532396145,S1,True
2019-01-29,1548742060401,2.6884150532396145,ALOS2,True
2019-01-29,1548742101159,2.6884150532396145,ALOS2,True
2019-02-03,1549238163000,0.15912884333626134,S1,True
2019-02-07,1549519243323,0.3080879311574383,ALOS2,True
2019-02-07,1549519284081,0.3080879311574383,ALOS2,True
2019-02-08,1549670650000,1.0265030496180485,S1,True
2019-02-08,1549670675000,1.0265030496180485,S1,True
2019-02-12,1549951660472,1.0265030496180485,ALOS2,True
2019-02-12,1549951701231,1.0265030496180485,ALOS2,True
2019-02-15,1550274963000,5.426216574336244,S1,True
2019-02-16,1550296425417,5.426216574336244,ALOS2,True
2019-02-16,1550296466179,5.426216574336244,ALOS2,True
2019-02-20,1550707450000,5.377474243651718,S1,True
2019-02-20,1550707475000,5.377474243651718,S1,True
2019-02-21,1550728843218,0.11850715537911666,ALOS2,True
2019-02-21,1550728883980,0.11850715537911666,ALOS2,True
2019-02-27,1551311763000,204.69440267404738,S1,False
2019-03-11,1552348563000,0.015541921942999514,S1,True
2019-03-12,1552370860828,0.2680981498981058,ALOS2,True
2019-03-12,1552370901587,0.2680981498981058,ALOS2,True
2019-03-16,1552781050000,66.3646715433015,S1,False
2019-03-16,1552781075000,66.3646715433015,S1,False
2019-03-21,1553148082683,59.29701323959413,ALOS2,False
2019-03-23,1553385363000,6.097883279966704,S1,True
2019-03-26,1553580459155,5.672402709433027,ALOS2,True
2019-03-26,1553580499914,5.672402709433027,ALOS2,True
2019-03-28,1553817850000,0.0,S1,True
2019-03-28,1553817875000,0.0,S1,True
2019-03-30,1553925224846,0.0,ALOS2,True
2019-03-30,1553925265605,0.0,ALOS2,True
2019-04-04,1554357642381,1.8727801273594054,ALOS2,True
2019-04-04,1554357683140,1.8727801273594054,ALOS2,True
2019-04-04,1554422163000,38.11397541130384,S1,False
2019-04-09,1554854650000,102.31979282506207,S1,False
2019-04-09,1554854675000,102.31979282506207,S1,False
2019-04-16,1555458963000,0.11920245276508827,S1,True
2019-04-21,1555891451000,9.633977246984976,S1,True
2019-04-21,1555891476000,9.633977246984976,S1,True
2019-04-23,1555999658914,9.633977246984976,ALOS2,True
2019-04-23,1555999699672,9.633977246984976,ALOS2,True
2019-04-28,1556495764000,0.00038854804857498784,S1,True
2019-11-05,1572934059875,0.16423108785247512,ALOS2,True
2019-11-05,1572934100634,0.16423108785247512,ALOS2,True
2019-11-06,1573084572000,3.1169119759182804,S1,True
2019-11-11,1573517060000,234.809626443184,S1,False
2019-11-11,1573517085000,234.809626443184,S1,False
2019-11-14,1573711242638,106.48023268013453,ALOS2,False
2019-11-14,1573711283397,106.48023268013453,ALOS2,False
2019-11-18,1574121372000,0.0,S1,True
2019-11-19,1574143660379,0.0,ALOS2,True
2019-11-19,1574143701138,0.0,ALOS2,True
2019-11-23,1574488425497,0.0,ALOS2,True
2019-11-23,1574488466257,0.0,ALOS2,True
2019-11-23,1574553859000,0.0,S1,True
2019-11-23,1574553884000,0.0,S1,True
2019-11-28,1574920843182,0.0,ALOS2,True
2019-11-28,1574920883941,0.0,ALOS2,True
2019-11-29,1575072234000,0.00723312908863546,S1,True
2019-11-30,1575158172000,0.03850102243499339,S1,True
2019-12-05,1575590659000,0.031267893346357926,S1,True
2019-12-05,1575590684000,0.031267893346357926,S1,True
2019-12-11,1576109034000,0.02167689113102564,S1,True
2019-12-12,1576194971000,0.02167689113102564,S1,True
2019-12-17,1576562861420,0.09299590726381125,ALOS2,True
2019-12-17,1576562902178,0.09299590726381125,ALOS2,True
2019-12-17,1576627458000,0.09299590726381125,S1,True
2019-12-17,1576627483000,0.09299590726381125,S1,True
2019-12-23,1577145834000,1.3549795247164913,S1,True
2019-12-24,1577231771000,1.3675868860836349,S1,True
2019-12-29,1577664258000,9.246339283658834,S1,True
2019-12-29,1577664283000,9.246339283658834,S1,True
2020-01-04,1578117226951,56.50454752890351,ALOS2,False
2020-01-04,1578117267711,56.50454752890351,ALOS2,False
2020-01-04,1578182633000,56.50454752890351,S1,False
2020-01-05,1578268570000,56.50454752890351,S1,False
2020-01-09,1578549644816,17.120439348077678,ALOS2,False
2020-01-09,1578549685576,17.120439348077678,ALOS2,False
2020-01-10,1578701057000,17.109263479109693,S1,False
2020-01-10,1578701082000,17.109263479109693,S1,False
2020-01-16,1579219432000,0.0,S1,True
2020-01-17,1579305370000,0.0,S1,True
2020-01-22,1579737857000,2.8410531609854326,S1,True
2020-01-22,1579737882000,2.8410531609854326,S1,True
2020-01-28,1580191662412,12.21450900523171,ALOS2,False
2020-01-28,1580191703171,12.21450900523171,ALOS2,False
2020-01-29,1580342169000,12.388905702591138,S1,False
2020-02-03,1580774657000,3.3401410581957327,S1,True
2020-02-03,1580774682000,3.3401410581957327,S1,True
2020-02-06,1580968844264,0.6109815800299673,ALOS2,True
2020-02-06,1580968885022,0.6109815800299673,ALOS2,True
2020-02-10,1581378969000,4.49856838153519,S1,True
2020-02-11,1581401262186,4.49856838153519,ALOS2,True
2020-02-11,1581401302946,4.49856838153519,ALOS2,True
2020-02-15,1581746027591,0.0,ALOS2,True
2020-02-15,1581746068354,0.0,ALOS2,True
2020-02-15,1581811456000,0.0,S1,True
2020-02-15,1581811481000,0.0,S1,True
2020-02-22,1582415769000,0.03519427314484473,S1,True
2020-02-27,1582848256000,11.007136746073535,S1,False
2020-02-27,1582848281000,11.007136746073535,S1,False
2020-03-05,1583452569000,31.068926720139103,S1,False
2020-03-10,1583820461996,11.216236919646507,ALOS2,False
2020-03-10,1583820502755,11.216236919646507,ALOS2,False
2020-03-10,1583885056000,9.751328953235184,S1,True
2020-03-10,1583885081000,9.751328953235184,S1,True
2020-03-17,1584489369000,0.11243353553824813,S1,True
2020-03-22,1584921856000,32.13798494660629,S1,False
2020-03-22,1584921881000,32.13798494660629,S1,False
2020-03-24,1585030061684,32.13798494660629,ALOS2,False
2020-03-24,1585030102446,32.13798494660629,ALOS2,False
2020-03-28,1585374826654,0.0038957054343965888,ALOS2,True
2020-03-28,1585374867416,0.0038957054343965888,ALOS2,True
2020-03-29,1585526169000,0.008588956863236573,S1,True
2020-04-02,1585807243222,1.4907760564561605,ALOS2,True
2020-04-02,1585807283984,1.4907760564561605,ALOS2,True
2020-04-03,1585958657000,1.4899785104617171,S1,True
2020-04-03,1585958682000,1.4899785104617171,S1,True
2020-04-10,1586562970000,3.0165643161753146,S1,True
2020-04-15,1586995457000,28.254794781880953,S1,False
2020-04-15,1586995482000,28.254794781880953,S1,False
2020-04-21,1587449259673,82.8128917871104,ALOS2,False
2020-04-21,1587449300432,82.8128917871104,ALOS2,False
2020-04-22,1587599770000,97.3325642654158,S1,False
2020-04-27,1588032258000,69.80096958342422,S1,False
2020-04-27,1588032283000,69.80096958342422,S1,False
2020-11-03,1604383661010,2.059465187293209,ALOS2,True
2020-11-03,1604383701769,2.059465187293209,ALOS2,True
2020-11-05,1604621066000,2.031134920526136,S1,True
2020-11-05,1604621091000,2.031134920526136,S1,True
2020-11-12,1605160843937,0.0980368095672935,ALOS2,True
2020-11-12,1605160884699,0.0980368095672935,ALOS2,True
2020-11-12,1605225379000,0.0,S1,True
2020-11-17,1605593261118,0.04693251409413625,ALOS2,True
2020-11-17,1605593301876,0.04693251409413625,ALOS2,True
2020-11-17,1605657866000,0.04693251409413625,S1,True
2020-11-17,1605657891000,0.04693251409413625,S1,True
2020-11-21,1605938026783,29.028087005628645,ALOS2,False
2020-11-21,1605938067545,29.028087005628645,ALOS2,False
2020-11-24,1606262178000,33.1029131389004,S1,False
2020-11-26,1606370444221,12.893292171636821,ALOS2,False
2020-11-26,1606370484981,12.893292171636821,ALOS2,False
2020-11-29,1606694665000,8.139631751433381,S1,True
2020-11-29,1606694690000,8.139631751433381,S1,True
2020-12-06,1607298978000,0.0,S1,True
2020-12-11,1607731465000,0.0,S1,True
2020-12-11,1607731490000,0.0,S1,True
2020-12-15,1608012462223,0.00547034752598996,ALOS2,True
2020-12-15,1608012502981,0.00547034752598996,ALOS2,True
2020-12-18,1608335777000,0.00547034752598996,S1,True
2020-12-23,1608768264000,0.0,S1,True
2020-12-23,1608768289000,0.0,S1,True
2020-12-24,1608789645338,0.0,ALOS2,True
2020-12-24,1608789686096,0.0,ALOS2,True
2020-12-29,1609222062725,0.0,ALOS2,True
2020-12-29,1609222103485,0.0,ALOS2,True
2020-12-30,1609372577000,0.0,S1,True
2021-01-02,1609566828142,0.0017658487546299577,ALOS2,True
2021-01-02,1609566868901,0.0017658487546299577,ALOS2,True
2021-01-04,1609805064000,0.0017658487546299577,S1,True
2021-01-04,1609805089000,0.0017658487546299577,S1,True
2021-01-07,1609999245619,0.0,ALOS2,True
2021-01-07,1609999286381,0.0,ALOS2,True
2021-01-11,1610409376000,0.5200920120978647,S1,True
2021-01-16,1610841863000,0.0,S1,True
2021-01-16,1610841888000,0.0,S1,True
2021-01-23,1611446176000,0.1840797498563194,S1,True
2021-01-26,1611641264058,0.0,ALOS2,True
2021-01-26,1611641304817,0.0,ALOS2,True
2021-01-28,1611878663000,0.0,S1,True
2021-01-28,1611878688000,0.0,S1,True
2021-02-04,1612482975000,0.001961145287423427,S1,True
2021-02-09,1612850863728,0.8592433183585391,ALOS2,True
2021-02-09,1612850904490,0.8592433183585391,ALOS2,True
2021-02-09,1612915462000,0.8592433183585391,S1,True
2021-02-09,1612915487000,0.8592433183585391,S1,True
2021-02-13,1613195628645,0.0,ALOS2,True
2021-02-13,1613195669407,0.0,ALOS2,True
2021-02-16,1613519775000,0.0,S1,True
2021-02-18,1613628045133,0.05726993640652402,ALOS2,True
2021-02-18,1613628085892,0.05726993640652402,ALOS2,True
2021-02-21,1613952262000,2.9622289560304798,S1,True
2021-02-21,1613952287000,2.9622289560304798,S1,True
2021-02-28,1614556575000,0.0,S1,True
2021-03-05,1614989062000,0.0,S1,True
2021-03-05,1614989087000,0.0,S1,True
2021-03-09,1615270062325,0.0,ALOS2,True
2021-03-09,1615270103083,0.0,ALOS2,True
2021-03-12,1615593375000,0.09654396551076498,S1,True
2021-03-17,1616025862000,0.0,S1,True
2021-03-17,1616025887000,0.0,S1,True
2021-03-18,1616047286052,0.0,ALOS2,True
2021-03-23,1616479662035,0.012065439330745328,ALOS2,True
2021-03-23,1616479702798,0.012065439330745328,ALOS2,True
2021-03-24,1616630175000,0.012065439330745328,S1,True
2021-03-27,1616824426849,0.0019427401705022238,ALOS2,True
2021-03-27,1616824467608,0.0019427401705022238,ALOS2,True
2021-03-29,1617062662000,0.00038854804857498784,S1,True
2021-03-29,1617062687000,0.00038854804857498784,S1,True
2021-04-01,1617256844721,0.032112475059896034,ALOS2,True
2021-04-01,1617256885483,0.032112475059896034,ALOS2,True
2021-04-05,1617666975000,13.297633708767012,S1,False
2021-04-10,1618099463000,0.08648261575481582,S1,True
2021-04-10,1618099488000,0.08648261575481582,S1,True
2021-04-17,1618703776000,8.29896702801005,S1,True
2021-04-20,1618898861091,8.29896702801005,ALOS2,True
2021-04-20,1618898901846,8.29896702801005,ALOS2,True
2021-04-22,1619136263000,22.5657560777201,S1,False
2021-04-22,1619136288000,22.5657560777201,S1,False
2021-04-29,1619676084293,0.0,ALOS2,True
2021-04-29,1619740576000,0.0,S1,True
2021-10-31,1635725072000,0.01797239372129638,S1,True
2021-10-31,1635725097000,0.01797239372129638,S1,True
2021-11-02,1635833261246,0.678514297962082,ALOS2,True
2021-11-02,1635833302005,0.678514297962082,ALOS2,True
2021-11-07,1636329384000,0.0,S1,True
2021-11-11,1636610444462,7.153098064623316,ALOS2,True
2021-11-11,1636610485220,7.153098064623316,ALOS2,True
2021-11-12,1636761871000,19.24805687093471,S1,False
2021-11-12,1636761896000,19.24805687093471,S1,False
2021-11-16,1637042861244,23.731451473594976,ALOS2,False
2021-11-16,1637042902008,23.731451473594976,ALOS2,False
2021-11-19,1637366184000,2.9001328748306126,S1,True
2021-11-20,1637387626862,1.7676380158750555,ALOS2,True
2021-11-20,1637387667627,1.7676380158750555,ALOS2,True
2021-11-24,1637798671000,0.020858894462234406,S1,True
2021-11-24,1637798696000,0.020858894462234406,S1,True
2021-11-25,1637820044561,0.020858894462234406,ALOS2,True
2021-11-25,1637820085323,0.020858894462234406,ALOS2,True
2021-12-01,1638402984000,0.10476994341532633,S1,True
2021-12-06,1638835471000,122.4571239439264,S1,False
2021-12-06,1638835496000,122.4571239439264,S1,False
2021-12-13,1639439783000,24.844723331048733,S1,False
2021-12-14,1639462062895,24.838874660495186,ALOS2,False
2021-12-14,1639462103653,24.838874660495186,ALOS2,False
2021-12-18,1639872270000,0.0,S1,True
2021-12-18,1639872295000,0.0,S1,True
2021-12-23,1640239245608,0.0,ALOS2,True
2021-12-23,1640239286367,0.0,ALOS2,True
2021-12-25,1640476582000,0.0,S1,True
2021-12-28,1640671663216,0.30335377078838577,ALOS2,True
2021-12-28,1640671703978,0.30335377078838577,ALOS2,True
2022-01-01,1641016428259,8.349144004011082,ALOS2,True
2022-01-01,1641016469021,8.349144004011082,ALOS2,True
2022-01-06,1641448845912,0.0031288342858933234,ALOS2,True
2022-01-06,1641448886674,0.0031288342858933234,ALOS2,True
2022-01-06,1641513382000,0.0031288342858933234,S1,True
2022-01-11,1641945869000,7.680040710133354,S1,True
2022-01-11,1641945894000,7.680040710133354,S1,True
2022-01-18,1642550181000,23.91390535362057,S1,False
2022-01-23,1642982668000,8.190367865023834,S1,True
2022-01-23,1642982693000,8.190367865023834,S1,True
2022-01-25,1643090904351,8.190367865023834,ALOS2,True
2022-01-30,1643586981000,0.0,S1,True
2022-02-03,1643868045892,3.4070981149380772,ALOS2,True
2022-02-03,1643868086654,3.4070981149380772,ALOS2,True
2022-02-04,1644019468000,44.16235286502857,S1,False
2022-02-04,1644019493000,44.16235286502857,S1,False
2022-02-08,1644300463311,44.09854713670055,ALOS2,False
2022-02-08,1644300504073,44.09854713670055,ALOS2,False
2022-02-11,1644623781000,0.0,S1,True
2022-02-12,1644645228279,0.0,ALOS2,True
2022-02-12,1644645269037,0.0,ALOS2,True
2022-02-16,1645056268000,0.0,S1,True
2022-02-16,1645056293000,0.0,S1,True
2022-02-17,1645077645853,0.0,ALOS2,True
2022-02-23,1645660581000,1.0912372011135205,S1,True
2022-02-28,1646093068000,40.748145200879094,S1,False
2022-02-28,1646093093000,40.748145200879094,S1,False
2022-03-07,1646697380000,0.0,S1,True
2022-03-08,1646719663143,0.0,ALOS2,True
2022-03-08,1646719703905,0.0,ALOS2,True
2022-03-12,1647129868000,0.00755623695278704,S1,True
2022-03-12,1647129893000,0.00755623695278704,S1,True
2022-03-17,1647496845613,0.00755623695278704,ALOS2,True
2022-03-17,1647496886375,0.00755623695278704,ALOS2,True
2022-03-19,1647734181000,0.0,S1,True
2022-03-22,1647929262495,0.0,ALOS2,True
2022-03-22,1647929303253,0.0,ALOS2,True
2022-03-24,1648166668000,0.5391615374596572,S1,True
2022-03-24,1648166693000,0.5391615374596572,S1,True
2022-03-26,1648274027830,0.7956850468228688,ALOS2,True
2022-03-26,1648274068587,0.7956850468228688,ALOS2,True
2022-03-31,1648770981000,0.03200000151991844,S1,True
2022-04-05,1649203468000,0.0,S1,True
2022-04-05,1649203493000,0.0,S1,True
2022-04-12,1649807781000,0.0,S1,True
2022-04-17,1650240269000,2.2738342934815643,S1,True
2022-04-17,1650240294000,2.2738342934815643,S1,True
2022-04-19,1650348502381,2.2738342934815643,ALOS2,True
2022-04-28,1651125684820,0.08621676696620592,ALOS2,True
2022-11-01,1667282861971,0.004038855002084576,ALOS2,True
2022-11-01,1667282902730,0.004038855002084576,ALOS2,True
2022-11-02,1667433390000,1.6437013838697294,S1,True
2022-11-07,1667865877000,0.4155010117107435,S1,True
2022-11-07,1667865902000,0.4155010117107435,S1,True
2022-11-10,1668060044872,0.0,ALOS2,True
2022-11-10,1668060085634,0.0,ALOS2,True
2022-11-14,1668470190000,0.02190183980698966,S1,True
2022-11-15,1668492462500,0.02190183980698966,ALOS2,True
2022-11-15,1668492503253,0.02190183980698966,ALOS2,True
2022-11-19,1668837227934,0.16483639588042454,ALOS2,True
2022-11-19,1668837268694,0.16483639588042454,ALOS2,True
2022-11-19,1668902677000,0.8633742323088134,S1,True
2022-11-19,1668902702000,0.8633742323088134,S1,True
2022-11-24,1669269645336,0.7204396762353784,ALOS2,True
2022-11-24,1669269686098,0.7204396762353784,ALOS2,True
2022-11-26,1669506990000,0.0,S1,True
2022-12-01,1669939477000,0.04755112373330563,S1,True
2022-12-01,1669939502000,0.04755112373330563,S1,True
2022-12-08,1670543789000,0.02331288233551755,S1,True
2022-12-13,1670911663736,0.0019427402428749392,ALOS2,True
2022-12-13,1670911704495,0.0019427402428749392,ALOS2,True
2022-12-13,1670976276000,0.0019427402428749392,S1,True
2022-12-13,1670976301000,0.0019427402428749392,S1,True
2022-12-22,1671688846081,0.0,ALOS2,True
2022-12-22,1671688886840,0.0,ALOS2,True
2022-12-25,1672013075000,0.0,S1,True
2022-12-25,1672013100000,0.0,S1,True
2022-12-27,1672121264182,0.0,ALOS2,True
2022-12-27,1672121304944,0.0,ALOS2,True
2023-01-01,1672617388000,0.0020000000949949026,S1,True
2023-01-05,1672898446776,0.0020000000949949026,ALOS2,True
2023-01-05,1672898487538,0.0020000000949949026,ALOS2,True
2023-01-06,1673049875000,0.0,S1,True
2023-01-06,1673049900000,0.0,S1,True
2023-01-13,1673654187000,0.0,S1,True
2023-01-18,1674086674000,0.0,S1,True
2023-01-18,1674086699000,0.0,S1,True
2023-01-24,1674540463955,0.0,ALOS2,True
2023-01-24,1674540504717,0.0,ALOS2,True
2023-01-25,1674690987000,0.0,S1,True
2023-01-30,1675123474000,0.7287515187758623,S1,True
2023-01-30,1675123499000,0.7287515187758623,S1,True
2023-02-02,1675317646443,1.7070848319196459,ALOS2,True
2023-02-02,1675317687206,1.7070848319196459,ALOS2,True
2023-02-06,1675727786000,0.0,S1,True
2023-02-07,1675750063240,0.0,ALOS2,True
2023-02-07,1675750104002,0.0,ALOS2,True
2023-02-11,1676094829325,0.0,ALOS2,True
2023-02-11,1676094870083,0.0,ALOS2,True
2023-02-16,1676527246218,0.0,ALOS2,True
2023-02-16,1676527286980,0.0,ALOS2,True
2023-02-18,1676764586000,0.0,S1,True
2023-02-23,1677197073000,0.0,S1,True
2023-02-23,1677197098000,0.0,S1,True
2023-03-02,1677801386000,0.06769427634653746,S1,True
2023-03-07,1678169264102,0.02521472362942369,ALOS2,True
2023-03-07,1678169304860,0.02521472362942369,ALOS2,True
2023-03-07,1678233873000,0.02521472362942369,S1,True
2023-03-07,1678233898000,0.02521472362942369,S1,True
2023-03-14,1678838186000,8.181881197975807,S1,True
2023-03-16,1678946445213,7.505398602095377,ALOS2,True
2023-03-16,1678946485973,7.505398602095377,ALOS2,True
2023-03-21,1679378863038,37.173956359380476,ALOS2,False
2023-03-21,1679378903796,37.173956359380476,ALOS2,False
2023-03-25,1679723627669,5.900429313234863,ALOS2,True
2023-03-25,1679723668427,5.900429313234863,ALOS2,True
2023-03-26,1679874987000,3.01160524183111,S1,True
2023-03-30,1680156044788,50.24508069405724,ALOS2,False
2023-03-30,1680156085546,50.24508069405724,ALOS2,False
2023-04-07,1680911787000,6.229437574565197,S1,True
2023-04-12,1681344274000,6.228394629803233,S1,True
2023-04-12,1681344299000,6.228394629803233,S1,True
2023-04-18,1681798102092,0.639529635605987,ALOS2,True
2023-04-19,1681948587000,1.3600715422766678,S1,True
2023-04-24,1682381075000,51.915888430449755,S1,False
2023-04-24,1682381100000,51.915888430449755,S1,False
2023-04-26,1682532152180,88.60329052843039,ALOS2,False
2023-11-02,1698969882000,0.52830263149138,S1,True
2023-11-02,1698969907000,0.52830263149138,S1,True
2023-11-08,1699466552449,0.027638035706398677,ALOS2,True
2023-11-09,1699574195000,0.0,S1,True
2023-11-14,1699942062122,0.0,ALOS2,True
2023-11-14,1699942102881,0.0,ALOS2,True
2023-11-14,1700006682000,1.2189161156843167,S1,True
2023-11-14,1700006707000,1.2189161156843167,S1,True
2023-11-18,1700286827434,16.631144905607606,ALOS2,False
2023-11-18,1700286868194,16.631144905607606,ALOS2,False
2023-11-26,1701043482000,0.29203475874816287,S1,True
2023-11-26,1701043507000,0.29203475874816287,S1,True
2023-12-06,1701885754221,45.93099068814092,ALOS2,False
2023-12-08,1702080281000,45.28535675059752,S1,False
2023-12-08,1702080306000,45.28535675059752,S1,False
2023-12-12,1702361303965,2.100255571945679,ALOS2,True
2023-12-20,1703117080000,0.03441717617350853,S1,True
2023-12-20,1703117105000,0.03441717617350853,S1,True
2023-12-21,1703138486423,0.03441717617350853,ALOS2,True
2023-12-26,1703570863352,9.67553160971141,ALOS2,True
2023-12-26,1703570904114,9.67553160971141,ALOS2,True
2024-01-01,1704153880000,0.0,S1,True
2024-01-01,1704153905000,0.0,S1,True
2024-01-03,1704304954516,0.002085889523928882,ALOS2,True
2024-01-13,1705190679000,0.001042944761964441,S1,True
2024-01-13,1705190704000,0.001042944761964441,S1,True
2024-01-17,1705514554692,3.973731990393198,ALOS2,True
2024-01-20,1705794992000,4.053916038141599,S1,True
2024-01-23,1705990104109,4.383169610338983,ALOS2,True
2024-01-25,1706227479000,10.990715502624177,S1,False
2024-01-25,1706227504000,10.990715502624177,S1,False
2024-01-31,1706724154245,14.36548018619677,ALOS2,False
2024-02-01,1706767286381,12.842750238620336,ALOS2,False
2024-02-01,1706831792000,12.842750238620336,S1,False
2024-02-06,1707199663022,7.483783102481948,ALOS2,True
2024-02-06,1707199703784,7.483783102481948,ALOS2,True
2024-02-06,1707264279000,0.06372188025578887,S1,True
2024-02-06,1707264304000,0.06372188025578887,S1,True
2024-02-10,1707544428611,0.0,ALOS2,True
2024-02-10,1707544469366,0.0,ALOS2,True
2024-02-13,1707868591000,5.202198221251095,S1,True
2024-02-14,1707933754495,5.246247300043976,ALOS2,True
2024-02-25,1708905391000,12.754304385106012,S1,False
2024-02-28,1709143354594,4.814406845364377,ALOS2,True
2024-03-01,1709337879000,2.3185070982290497,S1,True
2024-03-01,1709337904000,2.3185070982290497,S1,True
2024-03-05,1709618903819,0.0,ALOS2,True
2024-03-08,1709942191000,1.7462985269546294,S1,True
2024-03-13,1710352954158,6.2906440619078365,ALOS2,True
2024-03-13,1710374679000,6.2906440619078365,S1,True
2024-03-13,1710374704000,6.2906440619078365,S1,True
2024-03-14,1710396086172,6.2906440619078365,ALOS2,True
2024-03-19,1710828461969,25.913680418383077,ALOS2,False
2024-03-19,1710828502731,25.913680418383077,ALOS2,False
2024-03-20,1710978992000,37.871788586068945,S1,False
2024-03-25,1711411479000,28.781175332460055,S1,False
2024-03-25,1711411504000,28.781175332460055,S1,False
2024-03-27,1711562555282,23.808373765400965,ALOS2,False
2024-04-01,1712015792000,2.1979651704034433,S1,True
2024-04-06,1712448279000,4.478987579561526,S1,True
2024-04-06,1712448304000,4.478987579561526,S1,True
2024-04-10,1712772152915,5.970592857978415,ALOS2,True
2024-04-18,1713485080000,0.0,S1,True
2024-04-18,1713485105000,0.0,S1,True
2024-04-24,1713981753045,0.2574130784327846,ALOS2,True
2024-11-03,1730678192000,0.0,S1,True
2024-11-06,1730916153799,1.550306717432837,ALOS2,True
2024-11-08,1731110679000,1.550306717432837,S1,True
2024-11-08,1731110704000,1.550306717432837,S1,True
2024-11-15,1731714991000,0.0,S1,True
2024-11-20,1732147478000,0.0,S1,True
2024-11-20,1732147503000,0.0,S1,True
2024-11-26,1732601262593,0.0,ALOS2,True
2024-11-26,1732601303352,0.0,ALOS2,True
2024-11-27,1732751790000,0.08518404645011103,S1,True
2024-11-30,1732946025912,13.257279736646936,ALOS2,False
2024-11-30,1732946066674,13.257279736646936,ALOS2,False
2024-12-02,1733184277000,13.355827791993422,S1,False
2024-12-02,1733184302000,13.355827791993422,S1,False
2024-12-09,1733788590000,0.02755623650575221,S1,True
2024-12-14,1734221076000,0.0,S1,True
2024-12-14,1734221101000,0.0,S1,True
2024-12-21,1734825388000,14.367883038819446,S1,False
2024-12-24,1735020463274,15.581829842218106,ALOS2,False
2024-12-24,1735020504030,15.581829842218106,ALOS2,False
2024-12-26,1735257875000,1.509345568284194,S1,True
2024-12-26,1735257900000,1.509345568284194,S1,True
2024-12-28,1735365228901,1.509345568284194,ALOS2,True
2024-12-28,1735365269663,1.509345568284194,ALOS2,True
2025-01-01,1735754555017,0.0,ALOS2,True
2025-01-02,1735862187000,0.0,S1,True
2025-01-07,1736294674000,0.0,S1,True
2025-01-07,1736294699000,0.0,S1,True
2025-01-14,1736898986000,1.2393353229773312,S1,True
2025-01-15,1736964154700,1.2393353229773312,ALOS2,True
2025-01-19,1737331473000,1.2393353229773312,S1,True
2025-01-19,1737331498000,1.2393353229773312,S1,True
2025-01-26,1737935786000,0.0,S1,True
2025-01-29,1738173754297,0.0,ALOS2,True
2025-01-31,1738368272000,0.0,S1,True
2025-01-31,1738368297000,0.0,S1,True
2025-02-04,1738649263366,0.0,ALOS2,True
2025-02-04,1738649304132,0.0,ALOS2,True
2025-02-07,1738972585000,0.0,S1,True
2025-02-08,1738994028751,0.0,ALOS2,True
2025-02-08,1738994069513,0.0,ALOS2,True
2025-02-12,1739383354765,0.0,ALOS2,True
2025-02-12,1739405072000,0.0,S1,True
2025-02-12,1739405097000,0.0,S1,True
2025-02-13,1739426446151,0.0,ALOS2,True
2025-02-13,1739426486908,0.0,ALOS2,True
2025-02-19,1740009384000,15.45821021885015,S1,False
2025-02-24,1740441872000,17.480776633781613,S1,False
2025-02-24,1740441897000,17.480776633781613,S1,False
2025-02-26,1740592954748,2.022566414931465,ALOS2,True
2025-03-03,1741046184000,0.27835377731602373,S1,True
2025-03-08,1741478672000,0.0,S1,True
2025-03-08,1741478697000,0.0,S1,True
2025-03-12,1741802553006,0.001042944761964441,ALOS2,True
2025-03-18,1742278062966,12.159467977037414,ALOS2,False
2025-03-18,1742278103724,12.159467977037414,ALOS2,False
2025-03-20,1742515472000,21.37612418215036,S1,False
2025-03-20,1742515497000,21.37612418215036,S1,False
2025-03-22,1742622827999,14.73908964473495,ALOS2,False
2025-03-22,1742622868761,14.73908964473495,ALOS2,False
2025-03-26,1743012154171,1.0966768654688033,ALOS2,True
2025-03-27,1743055245394,0.22798567942337938,ALOS2,True
2025-03-27,1743055286151,0.22798567942337938,ALOS2,True
2025-03-27,1743119785000,0.0,S1,True
2025-04-01,1743552272000,0.0,S1,True
2025-04-01,1743552297000,0.0,S1,True
2025-04-08,1744156585000,0.6078629710183979,S1,True
2025-04-09,1744221753191,0.3527300519552577,ALOS2,True
2025-04-13,1744589072000,5.006001968940449,S1,True
2025-04-13,1744589097000,5.006001968940449,S1,True
2025-04-20,1745193385000,50.28784128170697,S1,False
2025-04-23,1745431350053,0.04057259659200967,ALOS2,True
