ward_id,ward_name,total_pixels,lc_10_pct,lc_10_count,lc_20_pct,lc_20_count,lc_30_pct,lc_30_count,lc_40_pct,lc_40_count,lc_50_pct,lc_50_count,lc_60_pct,lc_60_count,lc_70_pct,lc_70_count,lc_80_pct,lc_80_count,lc_90_pct,lc_90_count,lc_95_pct,lc_95_count,lc_100_pct,lc_100_count,built_up_pct,vegetation_pct,water_pct,wetland_pct,cropland_pct,imperviousness_worldcover,runoff_coefficient
"93
","Ward_93
",20332,14.661617155223293,2981,0.0,0,0.05902026362384419,12,0.4180602006688963,85,83.95140664961637,17069,0.11804052724768838,24,0.0,0,0.7918552036199095,161,0.0,0,0.0,0,0.0,0,83.95140664961637,14.720637418847138,0.7918552036199095,0.0,0.4180602006688963,84.04583907141452,0.7882377532952981
"61
","Ward_61
",6982,7.419077628186765,518,0.0,0,0.042967631051274706,3,0.10025780578630766,7,92.3517616728731,6448,0.08593526210254941,6,0.0,0,0.0,0,0.0,0,0.0,0,0.0,0,92.3517616728731,7.46204525923804,0.0,0.0,0.10025780578630766,92.42050988255514,0.8434904038957319
"86
","Ward_86
",9657,12.622967795381587,1219,0.0,0,1.791446619032826,173,0.32101066583825205,31,85.1920886403645,8227,0.07248627938283111,7,0.0,0,0.0,0,0.0,0,0.0,0,0.0,0,85.1920886403645,14.414414414414413,0.0,0.0,0.32101066583825205,85.25007766387077,0.7920057989023508
"90
","Ward_90
",12470,36.80834001603849,4590,0.0,0,0.3929430633520449,49,1.0264635124298316,128,45.91018444266239,5725,0.53728949478749,67,0.0,0,15.324779470729752,1911,0.0,0,0.0,0,0.0,0,45.91018444266239,37.201283079390535,15.324779470729752,0.0,1.0264635124298316,46.34001603849239,0.6310384923817162
"26
","Ward_26
",3834,5.0339071465832035,193,0.0,0,0.7824726134585289,30,0.0,0,93.97496087636932,3603,0.20865936358894105,8,0.0,0,0.0,0,0.0,0,0.0,0,0.0,0,93.97496087636932,5.816379760041732,0.0,0.0,0.0,94.14188836724047,0.8569509650495566
"72
","Ward_72
",6281,2.945390861327814,185,0.0,0,0.0,0,0.0,0,96.640662314918,6070,0.0955261900971183,6,0.0,0,0.31842063365706097,20,0.0,0,0.0,0,0.0,0,96.640662314918,2.945390861327814,0.31842063365706097,0.0,0.0,96.7170832669957,0.8781324629836013
"134
","Ward_134
",4154,4.18873375060183,174,0.0,0,0.02407318247472316,1,0.0,0,95.28165623495426,3958,0.2888781896966779,12,0.0,0,0.21665864227250844,9,0.0,0,0.0,0,0.0,0,95.28165623495426,4.2128069330765525,0.21665864227250844,0.0,0.0,95.5127587867116,0.8683558016369765
"99
","Ward_99
",9899,5.778361450651581,572,0.0,0,0.1414284271138499,14,0.0,0,93.25184362056773,9231,0.21214264067077482,21,0.0,0,0.6162238609960602,61,0.0,0,0.0,0,0.0,0,93.25184362056773,5.919789877765431,0.6162238609960602,0.0,0.0,93.42155773310435,0.8561470855641983
"125
","Ward_125
",31347,35.10702778575302,11005,0.0,0,0.3796216543847896,119,0.5614572367371679,176,63.080996586595205,19774,0.19140587616039811,60,0.0,0,0.6603502727533735,207,0.019140587616039813,6,0.0,0,0.0,0,63.080996586595205,35.48664944013781,0.6603502727533735,0.019140587616039813,0.5614572367371679,63.23412128752352,0.63173828436533
"118
","Ward_118
",9230,6.641386782231852,613,0.0,0,0.21668472372697722,20,0.13001083423618637,12,92.41603466955578,8530,0.46587215601300114,43,0.0,0,0.13001083423618637,12,0.0,0,0.0,0,0.0,0,92.41603466955578,6.858071505958829,0.13001083423618637,0.0,0.13001083423618637,92.78873239436619,0.847795232936078
"83
","Ward_83
",5229,4.685408299866131,245,0.0,0,0.0,0,0.0,0,95.16159877605661,4976,0.13386880856760375,7,0.0,0,0.019124115509657678,1,0.0,0,0.0,0,0.0,0,95.16159877605661,4.685408299866131,0.019124115509657678,0.0,0.0,95.26869382291069,0.8647446930579461
"43
","Ward_43
",2576,0.03881987577639751,1,0.0,0,0.0,0,0.0,0,99.9611801242236,2575,0.0,0,0.0,0,0.0,0,0.0,0,0.0,0,0.0,0,99.9611801242236,0.03881987577639751,0.0,0.0,0.0,99.9611801242236,0.8997088509316771
"47
","Ward_47
",4393,1.5251536535397223,67,0.0,0,0.0,0,0.0,0,98.29273844753016,4318,0.1821078989301161,8,0.0,0,0.0,0,0.0,0,0.0,0,0.0,0,98.29273844753016,1.5251536535397223,0.0,0.0,0.0,98.43842476667425,0.8883792396995218
"115
","Ward_115
",16022,13.27549619273499,2127,0.0,0,0.11234552490325801,18,0.0,0,84.74597428535763,13578,0.36824366496067906,59,0.0,0,1.4979403320434403,240,0.0,0,0.0,0,0.0,0,84.74597428535763,13.387841717638247,1.4979403320434403,0.0,0.0,85.04056921732618,0.8008332293096992
"68
","Ward_68
",10097,5.0113895216400905,506,0.0,0,0.0,0,0.0,0,94.95889868277706,9588,0.029711795582846392,3,0.0,0,0.0,0,0.0,0,0.0,0,0.0,0,94.95889868277706,5.0113895216400905,0.0,0.0,0.0,94.98266811924334,0.8623848667921166
"39
","Ward_39
",2193,0.5471956224350205,12,0.0,0,0.9119927040583675,20,0.0,0,98.49521203830369,2160,0.045599635202918376,1,0.0,0,0.0,0,0.0,0,0.0,0,0.0,0,98.49521203830369,1.459188326493388,0.0,0.0,0.0,98.53169174646602,0.8899224806201551
"12
","Ward_12
",5733,13.186813186813188,756,0.0,0,1.8489447060875634,106,0.10465724751439037,6,83.74324088609802,4801,0.3488574917146346,20,0.0,0,0.767486481772196,44,0.0,0,0.0,0,0.0,0,83.74324088609802,15.035757892900751,0.767486481772196,0.0,0.10465724751439037,84.02232687946973,0.7889761032618174
"108
","Ward_108
",129926,34.76055600880501,45163,0.0015393377768883826,2,6.837738404938196,8884,15.951387713005866,20725,23.598048119698905,30660,0.531071533026492,690,0.0,0,15.29870849560519,19877,3.020950387143451,3925,0.0,0,0.0,0,23.598048119698905,41.599833751520094,15.29870849560519,3.020950387143451,15.951387713005866,24.022905346120098,0.505679771562274
"110
","Ward_110
",19057,24.794038935824105,4725,0.0,0,1.1649262738101485,222,1.22789526158367,234,68.2216508369628,13001,1.09146245474104,208,0.0,0,3.1536968043238702,601,0.3463294327543685,66,0.0,0,0.0,0,68.2216508369628,25.958965209634254,3.1536968043238702,0.3463294327543685,1.22789526158367,69.09482080075563,0.6996248097811829
"141
","Ward_141
",28380,52.71670190274842,14961,0.0,0,1.7371388301620858,493,2.22692036645525,632,37.85764622973925,10744,1.9732205778717407,560,0.0,0,3.488372093023256,990,0.0,0,0.0,0,0.0,0,37.85764622973925,54.45384073291051,3.488372093023256,0.0,2.22692036645525,39.436222692036644,0.4837138830162086
"17
","Ward_17
",3949,0.07596859964547988,3,0.0,0,0.0,0,0.0,0,99.79741706761205,3941,0.12661433274246645,5,0.0,0,0.0,0,0.0,0,0.0,0,0.0,0,99.79741706761205,0.07596859964547988,0.0,0.0,0.0,99.89870853380602,0.8993036211699164
"7
","Ward_7
",4584,6.173647469458988,283,0.0,0,0.13089005235602094,6,0.0,0,88.6998254799302,4066,0.7635253054101222,35,0.0,0,4.232111692844677,194,0.0,0,0.0,0,0.0,0,88.6998254799302,6.304537521815009,4.232111692844677,0.0,0.0,89.3106457242583,0.856315445026178
"16
","Ward_16
",3357,0.6255585344057194,21,0.0,0,0.0,0,0.0,0,99.34465296395591,3335,0.02978850163836759,1,0.0,0,0.0,0,0.0,0,0.0,0,0.0,0,99.34465296395591,0.6255585344057194,0.0,0.0,0.0,99.3684837652666,0.8952785224903188
"137
","Ward_137
",6797,15.447991761071062,1050,0.0,0,0.10298661174047373,7,0.0,0,79.50566426364573,5404,1.7213476533764895,117,0.0,0,3.22200971016625,219,0.0,0,0.0,0,0.0,0,79.50566426364573,15.550978372811535,3.22200971016625,0.0,0.0,80.88274238634692,0.7849713108724437
"84
","Ward_84
",5064,2.4289099526066353,123,0.0,0,0.0,0,0.0,0,97.57109004739335,4941,0.0,0,0.0,0,0.0,0,0.0,0,0.0,0,0.0,0,97.57109004739335,2.4289099526066353,0.0,0.0,0.0,97.57109004739335,0.8817831753554501
"18
","Ward_18
",2583,0.27100271002710025,7,0.0,0,0.0,0,0.0,0,99.10956252419668,2560,0.6194347657762291,16,0.0,0,0.0,0,0.0,0,0.0,0,0.0,0,99.10956252419668,0.27100271002710025,0.0,0.0,0.0,99.60511033681766,0.8973480449090206
"25
","Ward_25
",4428,0.24841915085817523,11,0.0,0,0.0,0,0.0,0,99.59349593495935,4410,0.15808491418247517,7,0.0,0,0.0,0,0.0,0,0.0,0,0.0,0,99.59349593495935,0.24841915085817523,0.0,0.0,0.0,99.71996386630533,0.8979787714543813
"60
","Ward_60
",6331,9.38240404359501,594,0.0,0,1.0898752171852788,69,0.0,0,89.41715368820091,5661,0.1105670510187964,7,0.0,0,0.0,0,0.0,0,0.0,0,0.0,0,89.41715368820091,10.472279260780288,0.0,0.0,0.0,89.50560732901594,0.8224372137103144
"10
","Ward_10
",4776,0.9003350083752094,43,0.0,0,0.0,0,0.0,0,99.03685092127303,4730,0.06281407035175879,3,0.0,0,0.0,0,0.0,0,0.0,0,0.0,0,99.03685092127303,0.9003350083752094,0.0,0.0,0.0,99.08710217755444,0.8931846733668343
"62
","Ward_62
",4228,1.608325449385052,68,0.0,0,0.0946073793755913,4,0.0,0,97.04351939451277,4103,0.04730368968779565,2,0.0,0,1.2062440870387892,51,0.0,0,0.0,0,0.0,0,97.04351939451277,1.7029328287606433,1.2062440870387892,0.0,0.0,97.081362346263,0.8884815515610217
"71
","Ward_71
",11304,21.249115357395613,2402,0.0,0,0.5042462845010616,57,0.0,0,77.96355272469923,8813,0.008846426043878274,1,0.0,0,0.27423920736022644,31,0.0,0,0.0,0,0.0,0,77.96355272469923,21.753361641896674,0.27423920736022644,0.0,0.0,77.97062986553433,0.7376194267515923
"91
","Ward_91
",11736,8.16291751874574,958,0.0,0,0.08520790729379686,10,0.3152692569870484,37,90.8997955010225,10668,0.29822767552828905,35,0.0,0,0.23858214042263123,28,0.0,0,0.0,0,0.0,0,90.8997955010225,8.248125426039536,0.23858214042263123,0.0,0.3152692569870484,91.13837764144513,0.8365882753919567
"75
","Ward_75
",6130,28.58075040783034,1752,0.0,0,0.0,0,0.0,0,68.48287112561174,4198,0.3099510603588907,19,0.0,0,2.626427406199021,161,0.0,0,0.0,0,0.0,0,68.48287112561174,28.58075040783034,2.626427406199021,0.0,0.0,68.73083197389884,0.6879608482871126
"96
","Ward_96
",12264,4.582517938682322,562,0.0,0,0.28538812785388123,35,0.10600130463144161,13,93.96607958251793,11524,0.1141552511415525,14,0.0,0,0.9458577951728636,116,0.0,0,0.0,0,0.0,0,93.96607958251793,4.867906066536204,0.9458577951728636,0.0,0.10600130463144161,94.05740378343118,0.8640777886497065
"88
","Ward_88
",5324,10.555972952667167,562,0.0,0,0.0,0,0.0,0,89.36889556724267,4758,0.0,0,0.0,0,0.07513148009015778,4,0.0,0,0.0,0,0.0,0,89.36889556724267,10.555972952667167,0.07513148009015778,0.0,0.0,89.36889556724267,0.8209053343350864
"44
","Ward_44
",5681,3.784544974476325,215,0.0,0,0.5984861820102095,34,0.1408202781200493,8,94.98327759197325,5396,0.4224608343601478,24,0.0,0,0.07041013906002465,4,0.0,0,0.0,0,0.0,0,94.98327759197325,4.383031156486535,0.07041013906002465,0.0,0.1408202781200493,95.32124625946136,0.8666696004224609
"85
","Ward_85
",7768,6.101956745623069,474,0.0,0,1.068486096807415,83,0.11585993820803296,9,92.610710607621,7194,0.06436663233779609,5,0.0,0,0.038619979402677654,3,0.0,0,0.0,0,0.0,0,92.610710607621,7.170442842430484,0.038619979402677654,0.0,0.11585993820803296,92.66220391349124,0.8466851184346035
"89
","Ward_89
",7597,17.96761879689351,1365,0.0,0,0.0,0,0.0,0,81.86126102408846,6219,0.05265236277477951,4,0.0,0,0.11846781624325392,9,0.0,0,0.0,0,0.0,0,81.86126102408846,17.96761879689351,0.11846781624325392,0.0,0.0,81.90338291430828,0.7653086744767671
"67
","Ward_67
",19975,8.67584480600751,1733,0.0,0,0.1902377972465582,38,0.42052565707133915,84,88.50062578222779,17678,0.5006257822277848,100,0.0,0,1.712140175219024,342,0.0,0,0.0,0,0.0,0,88.50062578222779,8.866082603254068,1.712140175219024,0.0,0.42052565707133915,88.90112640801001,0.8328035043804757
"76
","Ward_76
",4746,4.087652760219132,194,0.0,0,0.0,0,0.02107037505267594,1,94.35313948588285,4478,0.10535187526337969,5,0.0,0,1.4327855035819637,68,0.0,0,0.0,0,0.0,0,94.35313948588285,4.087652760219132,1.4327855035819637,0.0,0.02107037505267594,94.43742098609356,0.8705646860514118
"74
","Ward_74
",36430,48.17732637935767,17551,0.0,0,1.232500686247598,449,0.1043096349162778,38,50.09058468295361,18248,0.10705462530881142,39,0.0,0,0.2882239912160307,105,0.0,0,0.0,0,0.0,0,50.09058468295361,49.40982706560527,0.2882239912160307,0.0,0.1043096349162778,50.17622838320066,0.5303184188855339
"87
","Ward_87
",8131,24.203664985856598,1968,0.0,0,2.939367851432788,239,1.1683679744188908,95,65.03505103923257,5288,0.8117082769647029,66,0.0,0,5.841839872094454,475,0.0,0,0.0,0,0.0,0,65.03505103923257,27.143032837289386,5.841839872094454,0.0,1.1683679744188908,65.68441766080433,0.6985549132947978
"132
","Ward_132
",9963,14.292883669577435,1424,0.0,0,0.45167118337850043,45,0.16059419853457793,16,83.1275720164609,8282,0.411522633744856,41,0.0,0,1.5557562983037236,155,0.0,0,0.0,0,0.0,0,83.1275720164609,14.744554852955936,1.5557562983037236,0.0,0.16059419853457793,83.45679012345678,0.7902087724580948
"69
","Ward_69
",21943,31.837032310987556,6986,0.0,0,1.3443922891127011,295,0.3509091737684,77,66.29449027024563,14547,0.16861869388871165,37,0.0,0,0.004557261996992207,1,0.0,0,0.0,0,0.0,0,66.29449027024563,33.18142460010026,0.004557261996992207,0.0,0.3509091737684,66.4293852253566,0.6505651004876271
"22
","Ward_22
",3765,15.298804780876493,576,0.0,0,0.0,0,0.0,0,81.96547144754317,3086,1.7264276228419653,65,0.0,0,1.0092961487383798,38,0.0,0,0.0,0,0.0,0,81.96547144754317,15.298804780876493,1.0092961487383798,0.0,0.0,83.34661354581674,0.7845418326693228
"119
","Ward_119
",6836,19.514335868929198,1334,0.0,0,0.29256875365710944,20,0.21942656524283205,15,79.18373317729667,5413,0.7899356348741955,54,0.0,0,0.0,0,0.0,0,0.0,0,0.0,0,79.18373317729667,19.80690462258631,0.0,0.0,0.21942656524283205,79.81568168519603,0.7498537156231717
"54
","Ward_54
",4094,1.074743527112848,44,0.0,0,0.0,0,0.0,0,98.92525647288714,4050,0.0,0,0.0,0,0.0,0,0.0,0,0.0,0,0.0,0,98.92525647288714,1.074743527112848,0.0,0.0,0.0,98.92525647288714,0.8919394235466537
"122
","Ward_122
",34327,37.221429195676876,12777,0.0,0,1.0021266058787544,344,1.133218749089638,389,56.13365572290034,19269,0.6321554461502608,217,0.0,0,3.4608325807673257,1188,0.4165816995368078,143,0.0,0,0.0,0,56.13365572290034,38.223555801555634,3.4608325807673257,0.4165816995368078,1.133218749089638,56.639380079820555,0.6081553878870859
"29
","Ward_29
",6137,9.027211992830374,554,0.0,0,0.0,0,0.0,0,89.60404106240834,5499,0.04888381945576015,3,0.0,0,1.319863125305524,81,0.0,0,0.0,0,0.0,0,89.60404106240834,9.027211992830374,1.319863125305524,0.0,0.0,89.64314811797296,0.8335668893596221
"109
","Ward_109
",77168,29.233620153431474,22559,0.0,0,3.6452933858594236,2813,3.384822724445366,2612,57.61455525606469,44460,0.7321687746216049,565,0.0,0,3.427586564379017,2645,1.9619531411984241,1514,0.0,0,0.0,0,57.61455525606469,32.8789135392909,3.427586564379017,1.9619531411984241,3.384822724445366,58.20029027576197,0.627129120879121
"32
","Ward_32
",18117,24.087873268201136,4364,0.0,0,0.5298890544792184,96,1.7552574929624112,318,71.19832201799416,12899,0.5298890544792184,96,0.0,0,1.8987691118838659,344,0.0,0,0.0,0,0.0,0,71.19832201799416,24.617762322680356,1.8987691118838659,0.0,1.7552574929624112,71.62223326157753,0.7084892642269693
"57
","Ward_57
",29779,28.503307700057086,8488,0.0,0,1.5514288592632393,462,9.103730817018704,2711,47.402531985627455,14116,1.7394808422042378,518,0.0,0,10.933879579569496,3256,0.7656402162597804,228,0.0,0,0.0,0,47.402531985627455,30.054736559320325,10.933879579569496,0.7656402162597804,9.103730817018704,48.794116659390845,0.6336915275865542
"136
","Ward_136
",5756,24.27032661570535,1397,0.0,0,0.2432244614315497,14,0.6428075052119527,37,70.69145239749827,4069,1.0423905489923557,60,0.0,0,3.109798471160528,179,0.0,0,0.0,0,0.0,0,70.69145239749827,24.5135510771369,3.109798471160528,0.0,0.6428075052119527,71.52536483669215,0.7152449617790134
"106
","Ward_106
",20774,15.134302493501492,3144,0.0,0,0.13959757389043997,29,0.06739193222297102,14,84.47578704149417,17549,0.10108789833445653,21,0.0,0,0.08183306055646482,17,0.0,0,0.0,0,0.0,0,84.47578704149417,15.273900067391931,0.08183306055646482,0.0,0.06739193222297102,84.55665736016174,0.7852291325695581
"4
","Ward_4
",10327,13.430812433426938,1387,0.0,0,0.3292340466737678,34,0.09683354313934348,10,84.57441657790258,8734,0.8037184080565508,83,0.0,0,0.7649849908008134,79,0.0,0,0.0,0,0.0,0,84.57441657790258,13.760046480100707,0.7649849908008134,0.0,0.09683354313934348,85.21739130434783,0.796605984312966
"52
","Ward_52
",2585,1.8181818181818181,47,0.0,0,0.0,0,0.0,0,98.18181818181819,2538,0.0,0,0.0,0,0.0,0,0.0,0,0.0,0,0.0,0,98.18181818181819,1.8181818181818181,0.0,0.0,0.0,98.18181818181819,0.8863636363636364
"38
","Ward_38
",5351,1.4389833675948422,77,0.0,0,0.0,0,0.0,0,98.2806951971594,5259,0.0934404784152495,5,0.0,0,0.186880956830499,10,0.0,0,0.0,0,0.0,0,98.2806951971594,1.4389833675948422,0.186880956830499,0.0,0.0,98.3554475798916,0.8893010652214538
"81
","Ward_81
",13850,13.429602888086642,1860,0.0,0,0.036101083032490974,5,0.007220216606498195,1,86.37545126353791,11963,0.1444043321299639,20,0.0,0,0.007220216606498195,1,0.0,0,0.0,0,0.0,0,86.37545126353791,13.465703971119133,0.007220216606498195,0.0,0.007220216606498195,86.49097472924188,0.7988700361010831
"127
","Ward_127
",37236,43.318294123966055,16130,0.0,0,0.20141798259748633,75,1.1386829949511226,424,54.020302932645826,20115,0.19604683639488665,73,0.0,0,1.1252551294446234,419,0.0,0,0.0,0,0.0,0,54.020302932645826,43.51971210656354,1.1252551294446234,0.0,1.1386829949511226,54.17714040176173,0.5690393705016651
"53
","Ward_53
",3755,0.8521970705725699,32,0.0,0,0.0,0,0.0,0,99.14780292942743,3723,0.0,0,0.0,0,0.0,0,0.0,0,0.0,0,0.0,0,99.14780292942743,0.8521970705725699,0.0,0.0,0.0,99.14780292942743,0.8936085219707057
"34
","Ward_34
",8584,13.47856477166822,1157,0.0,0,0.081547064305685,7,0.8504193849021435,73,84.35461323392359,7241,0.5591798695246971,48,0.0,0,0.6756756756756757,58,0.0,0,0.0,0,0.0,0,84.35461323392359,13.560111835973904,0.6756756756756757,0.0,0.8504193849021435,84.80195712954334,0.7942451071761417
"135
","Ward_135
",3648,4.385964912280701,160,0.0,0,0.027412280701754384,1,0.0,0,95.12061403508771,3470,0.3289473684210526,12,0.0,0,0.1370614035087719,5,0.0,0,0.0,0,0.0,0,95.12061403508771,4.4133771929824555,0.1370614035087719,0.0,0.0,95.38377192982455,0.866735197368421
"117
","Ward_117
",7960,16.042713567839193,1277,0.0,0,0.18844221105527637,15,0.02512562814070352,2,78.5175879396985,6250,0.8291457286432161,66,0.0,0,4.396984924623116,350,0.0,0,0.0,0,0.0,0,78.5175879396985,16.23115577889447,4.396984924623116,0.0,0.02512562814070352,79.18090452261308,0.7818969849246232
"105
","Ward_105
",7254,8.064516129032258,585,0.0,0,0.013785497656465398,1,0.5238489109456851,38,91.10835401157982,6609,0.09649848359525778,7,0.0,0,0.19299696719051557,14,0.0,0,0.0,0,0.0,0,91.10835401157982,8.078301626688724,0.19299696719051557,0.0,0.5238489109456851,91.18555279845603,0.8369037772263578
"20
","Ward_20
",3223,3.040645361464474,98,0.0,0,0.0,0,0.0,0,96.02854483400559,3095,0.31026993484331367,10,0.0,0,0.6205398696866273,20,0.0,0,0.0,0,0.0,0,96.02854483400559,3.040645361464474,0.6205398696866273,0.0,0.0,96.27676078188024,0.8775054297238597
"102
","Ward_102
",10727,18.858954041204438,2023,0.0,0,0.7923930269413629,85,0.1957676890090426,21,79.90118392840496,8571,0.1771231471986576,19,0.0,0,0.07457816724154004,8,0.0,0,0.0,0,0.0,0,79.90118392840496,19.6513470681458,0.07457816724154004,0.0,0.1957676890090426,80.04288244616389,0.7523259065908455
"46
","Ward_46
",14240,23.1811797752809,3301,0.0,0,4.782303370786517,681,2.4648876404494384,351,68.68679775280899,9781,0.47050561797752805,67,0.0,0,0.41432584269662925,59,0.0,0,0.0,0,0.0,0,68.68679775280899,27.963483146067418,0.41432584269662925,0.0,2.4648876404494384,69.06320224719101,0.6826755617977528
"73
","Ward_73
",5900,8.050847457627118,475,0.0,0,0.1016949152542373,6,0.0,0,91.22033898305085,5382,0.3050847457627119,18,0.0,0,0.3220338983050847,19,0.0,0,0.0,0,0.0,0,91.22033898305085,8.152542372881355,0.3220338983050847,0.0,0.0,91.46440677966102,0.8389745762711865
"82
","Ward_82
",10074,14.05598570577725,1416,0.0,0,0.0,0,0.0,0,85.84474885844749,8648,0.09926543577526306,10,0.0,0,0.0,0,0.0,0,0.0,0,0.0,0,85.84474885844749,14.05598570577725,0.0,0.0,0.0,85.9241612070677,0.7944808417708954
"124
","Ward_124
",27702,31.676413255360625,8775,0.0,0,0.1119052775972854,31,0.353765071113999,98,67.37419680889467,18664,0.296007508483142,82,0.0,0,0.18771207855028518,52,0.0,0,0.0,0,0.0,0,67.37419680889467,31.78831853295791,0.18771207855028518,0.0,0.353765071113999,67.61100281568118,0.6598223954949102
"56
","Ward_56
",7374,16.015730946569025,1181,0.0,0,0.0,0,0.054244643341470035,4,83.9300244100895,6189,0.0,0,0.0,0,0.0,0,0.0,0,0.0,0,0.0,0,83.9300244100895,16.015730946569025,0.0,0.0,0.054244643341470035,83.9300244100895,0.779610794684025
"3
","Ward_3
",14653,33.28328669896949,4877,0.0,0,0.6961031870606702,102,0.429946086125708,63,63.70026615710094,9334,0.4026479219272504,59,0.0,0,1.4877499488159422,218,0.0,0,0.0,0,0.0,0,63.70026615710094,33.97938988603016,1.4877499488159422,0.0,0.429946086125708,64.02238449464274,0.6447860506380946
"36
","Ward_36
",10764,17.159048680787812,1847,0.0,0,0.37160906726124115,40,0.20438498699368265,22,82.1256038647343,8840,0.0650315867707172,7,0.0,0,0.07432181345224824,8,0.0,0,0.0,0,0.0,0,82.1256038647343,17.53065774804905,0.07432181345224824,0.0,0.20438498699368265,82.17762913415088,0.7678790412486065
"41
","Ward_41
",2281,7.014467338886453,160,0.0,0,0.0,0,0.04384042086804033,1,92.85401139850943,2118,0.08768084173608066,2,0.0,0,0.0,0,0.0,0,0.0,0,0.0,0,92.85401139850943,7.014467338886453,0.0,0.0,0.04384042086804033,92.9241560718983,0.8470846120122754
"37
","Ward_37
",3421,4.823151125401929,165,0.0,0,0.2630809704764689,9,0.029231218941829874,1,94.8260742472961,3244,0.05846243788365975,2,0.0,0,0.0,0,0.0,0,0.0,0,0.0,0,94.8260742472961,5.0862320958783975,0.0,0.0,0.029231218941829874,94.87284419760303,0.8619117217187957
"139
","Ward_139
",17576,22.54779244424215,3963,0.0,0,0.1763768775603095,31,0.4210286754665453,74,76.02412380518889,13362,0.24465179790623576,43,0.0,0,0.5860263996358671,103,0.0,0,0.0,0,0.0,0,76.02412380518889,22.724169321802457,0.5860263996358671,0.0,0.4210286754665453,76.21984524351389,0.7279813381884388
"23
","Ward_23
",1792,0.390625,7,0.0,0,0.0,0,0.0,0,99.609375,1785,0.0,0,0.0,0,0.0,0,0.0,0,0.0,0,0.0,0,99.609375,0.390625,0.0,0.0,0.0,99.609375,0.8970703125
"40
","Ward_40
",4002,1.6491754122938531,66,0.0,0,0.0,0,0.0,0,95.27736131934033,3813,0.49975012493753124,20,0.0,0,2.573713143428286,103,0.0,0,0.0,0,0.0,0,95.27736131934033,1.6491754122938531,2.573713143428286,0.0,0.0,95.67716141929036,0.8897051474262869
"121
","Ward_121
",16042,17.398080039895277,2791,0.0,0,0.38648547562648045,62,0.3802518389228276,61,80.7380625857125,12952,0.26181274155342227,42,0.0,0,0.8353073182894901,134,0.0,0,0.0,0,0.0,0,80.7380625857125,17.784565515521756,0.8353073182894901,0.0,0.3802518389228276,80.94751277895524,0.7656744794913354
"33
","Ward_33
",19882,26.88864299366261,5346,0.0,0,0.7343325621164872,146,0.9506085906850417,189,63.00171008952822,12526,0.30178050497937836,60,0.0,0,8.122925259028268,1615,0.0,0,0.0,0,0.0,0,63.00171008952822,27.6229755557791,8.122925259028268,0.0,0.9506085906850417,63.24313449351172,0.6966301176943969
"103
","Ward_103
",10387,9.617791470106864,999,0.0,0,0.028882256666987578,3,0.0,0,89.17878116876865,9263,0.4524886877828055,47,0.0,0,0.7220564166746896,75,0.0,0,0.0,0,0.0,0,89.17878116876865,9.646673726773852,0.7220564166746896,0.0,0.0,89.5407721189949,0.8279483970347549
"13
","Ward_13
",8562,8.864751226348984,759,0.0,0,0.0,0,0.1635131978509694,14,88.16865218406915,7549,0.3036673674375146,26,0.0,0,2.499416024293389,214,0.0,0,0.0,0,0.0,0,88.16865218406915,8.864751226348984,2.499416024293389,0.0,0.1635131978509694,88.41158607801916,0.8348925484699837
"66
","Ward_66
",20767,7.295228005971012,1515,0.0,0,0.207059276737131,43,0.7704531227428132,160,86.90711224538931,18048,1.0738190398227958,223,0.0,0,3.7463283093369286,778,0.0,0,0.0,0,0.0,0,86.90711224538931,7.502287282708143,3.7463283093369286,0.0,0.7704531227428132,87.76616747724755,0.8427601483122262
"123
","Ward_123
",20614,25.754341709517803,5309,0.0,0,0.38323469486756573,79,0.14068109052100514,29,73.4064228194431,15132,0.10187251382555544,21,0.0,0,0.21344717182497333,44,0.0,0,0.0,0,0.0,0,73.4064228194431,26.137576404385367,0.21344717182497333,0.0,0.14068109052100514,73.48792083050354,0.7037595808673716
"63
","Ward_63
",41356,28.55208434084534,11808,0.0,0,17.33726666021859,7170,5.484089370345294,2268,47.170906277202825,19508,0.24663893993616404,102,0.0,0,1.2090144114517845,500,0.0,0,0.0,0,0.0,0,47.170906277202825,45.88935100106393,1.2090144114517845,0.0,5.484089370345294,47.368217429151755,0.5467090627720282
"21
","Ward_21
",3709,3.4780264222162307,129,0.0,0,0.08088433540037746,3,0.05392289026691831,2,94.5807495281747,3508,0.24265300620113237,9,0.0,0,1.563763817740631,58,0.0,0,0.0,0,0.0,0,94.5807495281747,3.558910757616608,1.563763817740631,0.0,0.05392289026691831,94.77487193313561,0.8744405500134806
"49
","Ward_49
",2816,2.5923295454545454,73,0.0,0,0.0,0,0.0,0,97.30113636363636,2740,0.1065340909090909,3,0.0,0,0.0,0,0.0,0,0.0,0,0.0,0,97.30113636363636,2.5923295454545454,0.0,0.0,0.0,97.38636363636363,0.8804509943181817
"70
","Ward_70
",9061,11.422580289151307,1035,0.0,0,0.9932678512305485,90,0.0,0,87.54000662178566,7932,0.04414523783246882,4,0.0,0,0.0,0,0.0,0,0.0,0,0.0,0,87.54000662178566,12.415848140381856,0.0,0.0,0.0,87.57532281205164,0.807830261560534
"45
","Ward_45
",16761,28.315732951494542,4746,0.0,0,1.2409760754131616,208,0.3400751745122606,57,67.25135731758249,11272,0.8173736650557842,137,0.0,0,2.0344848159417697,341,0.0,0,0.0,0,0.0,0,67.25135731758249,29.556709026907704,2.0344848159417697,0.0,0.3400751745122606,67.90525624962712,0.67908239365193
"100
","Ward_100
",15279,8.017540414948622,1225,0.0,0,0.4712350284704497,72,0.5039596832253419,77,90.75201256626742,13866,0.21598272138228944,33,0.0,0,0.0392695857058708,6,0.0,0,0.0,0,0.0,0,90.75201256626742,8.48877544341907,0.0392695857058708,0.0,0.5039596832253419,90.92479874337326,0.8341089076510242
"92
","Ward_92
",17131,11.14937832000467,1910,0.0,0,0.9456540774035375,162,0.01751211254450995,3,87.15778413402604,14931,0.1576090129005896,27,0.0,0,0.5720623431206584,98,0.0,0,0.0,0,0.0,0,87.15778413402604,12.095032397408207,0.5720623431206584,0.0,0.01751211254450995,87.28387134434652,0.8105598038643397
"9
","Ward_9
",3235,2.2565687789799074,73,0.0,0,0.0,0,0.0,0,95.20865533230294,3080,0.061823802163833076,2,0.0,0,2.472952086553323,80,0.0,0,0.0,0,0.0,0,95.20865533230294,2.2565687789799074,2.472952086553323,0.0,0.0,95.25811437403401,0.8854868624420402
"114
","Ward_114
",25108,33.833837820614946,8495,0.0,0,0.21108809941054646,53,0.3186235462800701,80,64.27433487334714,16138,0.14338059582603155,36,0.0,0,1.2187350645212682,306,0.0,0,0.0,0,0.0,0,64.27433487334714,34.04492592002549,1.2187350645212682,0.0,0.3186235462800701,64.38903935000796,0.6443563804365143
"101
","Ward_101
",18234,9.674234945705825,1764,0.0,0,0.31808709005155206,58,0.652626960623012,119,87.95108039925414,16037,0.4716463749040255,86,0.0,0,0.9323242294614457,170,0.0,0,0.0,0,0.0,0,87.95108039925414,9.992322035757377,0.9323242294614457,0.0,0.652626960623012,88.32839749917736,0.8225732148733137
"138
","Ward_138
",8797,20.131863135159715,1771,0.0,0,0.09094009321359554,8,0.2387177446856883,21,79.10651358417641,6959,0.30692281459588494,27,0.0,0,0.12504262816869388,11,0.0,0,0.0,0,0.0,0,79.10651358417641,20.222803228373312,0.12504262816869388,0.0,0.2387177446856883,79.35205183585312,0.747044446970558
"31
","Ward_31
",15084,15.645717316361708,2360,0.0,0,0.43092018032352164,65,0.4441792627950146,67,83.09466984884646,12534,0.13922036595067622,21,0.0,0,0.24529302572262,37,0.0,0,0.0,0,0.0,0,83.09466984884646,16.07663749668523,0.24529302572262,0.0,0.4441792627950146,83.206046141607,0.7777413153009811
"104
","Ward_104
",12941,10.911057878061973,1412,0.0,0,0.10818329340854649,14,0.0,0,88.80302913221544,11492,0.10818329340854649,14,0.0,0,0.06954640290549416,9,0.0,0,0.0,0,0.0,0,88.80302913221544,11.019241171470519,0.06954640290549416,0.0,0.0,88.88957576694229,0.8174252376168767
"5
","Ward_5
",14789,29.65041584961796,4385,0.0,0,0.6085604165257963,90,2.5627155318141863,379,64.74406653593887,9575,0.9804584488471161,145,0.0,0,1.4537832172560687,215,0.0,0,0.0,0,0.0,0,64.74406653593887,30.25897626614376,1.4537832172560687,0.0,2.5627155318141863,65.52843329501657,0.6613259855297856
"126
","Ward_126
",32187,36.657656817969986,11799,0.0,0,7.6459440146643045,2461,2.9048994935843666,935,51.06409419952155,16436,0.20815857333706156,67,0.0,0,0.11495324199210862,37,1.404293658930624,452,0.0,0,0.0,0,51.06409419952155,44.30360083263429,0.11495324199210862,1.404293658930624,2.9048994935843666,51.2306210581912,0.5495168856991954
"14
","Ward_14
",10935,12.427983539094651,1359,0.0,0,0.25605852766346593,28,0.7133058984910837,78,86.41975308641975,9450,0.06401463191586648,7,0.0,0,0.1188843164151806,13,0.0,0,0.0,0,0.0,0,86.41975308641975,12.684042066758117,0.1188843164151806,0.0,0.7133058984910837,86.47096479195244,0.8016140832190214
"111
","Ward_111
",26377,29.230010994426962,7710,0.0,0,0.31087690032983284,82,0.16681199529893467,44,68.32846798347045,18023,0.31466808204117225,83,0.0,0,1.5468021382264852,408,0.10236190620616446,27,0.0,0,0.0,0,68.32846798347045,29.540887894756796,1.5468021382264852,0.10236190620616446,0.16681199529893467,68.58020244910338,0.6783333965196953
"130
","Ward_130
",11291,8.334071384288372,941,0.0,0,0.02656983438136569,3,0.01771322292091046,2,91.21424143122842,10299,0.27455495527411217,31,0.0,0,0.13284917190682846,15,0.0,0,0.0,0,0.0,0,91.21424143122842,8.360641218669738,0.13284917190682846,0.0,0.01771322292091046,91.4338853954477,0.8370914887963865
"19
","Ward_19
",2635,2.504743833017078,66,0.0,0,0.0,0,0.0,0,96.16698292220114,2534,0.03795066413662239,1,0.0,0,1.2903225806451613,34,0.0,0,0.0,0,0.0,0,96.16698292220114,2.504743833017078,1.2903225806451613,0.0,0.0,96.19734345351044,0.8824667931688807
"78
","Ward_78
",7419,7.898638630543201,586,0.0,0,0.4852405984634048,36,0.0,0,91.37350047176169,6779,0.05391562205148941,4,0.0,0,0.18870467718021297,14,0.0,0,0.0,0,0.0,0,91.37350047176169,8.383879229006606,0.18870467718021297,0.0,0.0,91.41663296940288,0.8377409354360426
"27
","Ward_27
",4622,3.8727823453050627,179,0.0,0,0.0,0,0.0,0,94.5478147987884,4370,0.2379922111639983,11,0.0,0,1.3414106447425358,62,0.0,0,0.0,0,0.0,0,94.5478147987884,3.8727823453050627,1.3414106447425358,0.0,0.0,94.7382085677196,0.8720575508437907
"98
","Ward_98
",12633,10.298424760547771,1301,0.0,0,0.3007994933903269,38,0.04749465685110425,6,88.8387556399905,11223,0.07124198527665639,9,0.0,0,0.4432834639436397,56,0.0,0,0.0,0,0.0,0,88.8387556399905,10.599224253938099,0.4432834639436397,0.0,0.04749465685110425,88.89574922821183,0.8209411857832662
"6
","Ward_6
",18988,15.035812091847484,2855,0.0,0,0.18959342742784915,36,0.03159890457130819,6,81.90436064883085,15552,0.5266484095218033,100,0.0,0,2.311986517800716,439,0.0,0,0.0,0,0.0,0,81.90436064883085,15.225405519275334,2.311986517800716,0.0,0.03159890457130819,82.32567937644829,0.7876263956182852
"2
","Ward_2
",18745,15.700186716457724,2943,0.0,0,0.5601493731661776,105,0.6401707121899174,120,82.54467858095492,15473,0.2614030408108829,49,0.0,0,0.29341157642037874,55,0.0,0,0.0,0,0.0,0,82.54467858095492,16.2603360896239,0.29341157642037874,0.0,0.6401707121899174,82.75380101360363,0.7754387836756469
"59
","Ward_59
",21148,23.661811991677702,5004,0.0,0,0.6856440325326272,145,0.34991488556837524,74,74.37582750141858,15729,0.605258180442595,128,0.0,0,0.3215434083601286,68,0.0,0,0.0,0,0.0,0,74.37582750141858,24.34745602421033,0.3215434083601286,0.0,0.34991488556837524,74.86003404577266,0.7160464346510311
"131
","Ward_131
",15356,12.392550143266476,1903,0.0,0,0.17582703829122165,27,0.006512112529304507,1,86.79343579057046,13328,0.3451419640531388,53,0.0,0,0.28653295128939826,44,0.0,0,0.0,0,0.0,0,86.79343579057046,12.568377181557697,0.28653295128939826,0.0,0.006512112529304507,87.06954936181296,0.8058218286011981
"42
","Ward_42
",3495,0.028612303290414882,1,0.0,0,0.0,0,0.0,0,99.97138769670958,3494,0.0,0,0.0,0,0.0,0,0.0,0,0.0,0,0.0,0,99.97138769670958,0.028612303290414882,0.0,0.0,0.0,99.97138769670958,0.899785407725322
"129
","Ward_129
",22977,23.153588370979676,5320,0.0,0,0.2089045567306437,48,0.526613570091831,121,75.79753666710188,17416,0.04787396091743918,11,0.0,0,0.26548287417852634,61,0.0,0,0.0,0,0.0,0,75.79753666710188,23.36249292771032,0.26548287417852634,0.0,0.526613570091831,75.83583583583584,0.7225747486617052
"51
","Ward_51
",3245,8.813559322033898,286,0.0,0,0.21571648690292758,7,0.12326656394453005,4,90.81664098613251,2947,0.030816640986132512,1,0.0,0,0.0,0,0.0,0,0.0,0,0.0,0,90.81664098613251,9.029275808936825,0.0,0.0,0.12326656394453005,90.84129429892141,0.8318489984591679
"120
","Ward_120
",7563,8.250694168980562,624,0.0,0,0.013222266296443212,1,0.0,0,91.29974877694038,6905,0.19833399444664812,15,0.0,0,0.2380007933359778,18,0.0,0,0.0,0,0.0,0,91.29974877694038,8.263916435277006,0.2380007933359778,0.0,0.0,91.45841597249769,0.8380735158006084
"8
","Ward_8
",3929,3.156019343344362,124,0.0,0,0.4581318401628913,18,0.0,0,95.52048867396284,3753,0.050903537795876815,2,0.0,0,0.814456604734029,32,0.0,0,0.0,0,0.0,0,95.52048867396284,3.6141511835072535,0.814456604734029,0.0,0.0,95.56121150419955,0.8741155510307967
"1
","Ward_1
",14941,13.158423130981861,1966,0.0,0,0.1137808714276153,17,0.25433371260290477,38,85.06124088079781,12709,0.3881935613412757,58,0.0,0,1.0240278428485377,153,0.0,0,0.0,0,0.0,0,85.06124088079781,13.272204002409476,1.0240278428485377,0.0,0.25433371260290477,85.37179572987083,0.7999364165718493
"80
","Ward_80
",98707,26.04982422725845,25713,0.0,0,0.518706879957855,512,2.0768537185812557,2050,60.56105443382941,59778,1.3079112930187322,1291,0.0,0,9.46032196298135,9338,0.02532748437294214,25,0.0,0,0.0,0,60.56105443382941,26.568531107216305,9.46032196298135,0.02532748437294214,2.0768537185812557,61.6073834682444,0.6988202457779082
"55
","Ward_55
",10649,22.612451873415342,2408,0.0,0,0.0845149779322002,9,0.234763827589445,25,76.50483613484835,8147,0.0375622124143112,4,0.0,0,0.5258709738003569,56,0.0,0,0.0,0,0.0,0,76.50483613484835,22.696966851347543,0.5258709738003569,0.0,0.234763827589445,76.5348859047798,0.7291717532162643
"64
","Ward_64
",9279,10.324388403922837,958,0.0,0,3.45942450695118,321,0.5280741459208966,49,85.51568056902683,7935,0.17243237417825197,16,0.0,0,0.0,0,0.0,0,0.0,0,0.0,0,85.51568056902683,13.783812910874017,0.0,0.0,0.5280741459208966,85.65362646836942,0.7972680245716132
"107
","Ward_107
",29391,18.032731108162363,5300,0.0,0,0.7553332652852914,222,1.0071110203803886,296,79.56857541424246,23386,0.36405702425912695,107,0.0,0,0.2721921676703753,80,0.0,0,0.0,0,0.0,0,79.56857541424246,18.788064373447654,0.2721921676703753,0.0,1.0071110203803886,79.85982103364977,0.7547174305059372
"77
","Ward_77
",5387,2.116205680341563,114,0.0,0,0.0,0,0.03712641544458883,2,97.73528865788008,5265,0.018563207722294413,1,0.0,0,0.09281603861147206,5,0.0,0,0.0,0,0.0,0,97.73528865788008,2.116205680341563,0.09281603861147206,0.0,0.03712641544458883,97.75013922405792,0.8840170781511045
"28
","Ward_28
",4630,4.168466522678186,193,0.0,0,0.0,0,0.0,0,95.63714902807774,4428,0.0,0,0.0,0,0.19438444924406048,9,0.0,0,0.0,0,0.0,0,95.63714902807774,4.168466522678186,0.19438444924406048,0.0,0.0,95.63714902807774,0.8689308855291575
"112
","Ward_112
",17499,19.423967083833364,3399,0.0,0,0.6457511857820447,113,0.43431053203040176,76,79.37596434081946,13890,0.05714612263557917,10,0.0,0,0.0628607348991371,11,0.0,0,0.0,0,0.0,0,79.37596434081946,20.06971826961541,0.0628607348991371,0.0,0.43431053203040176,79.42168123892793,0.747957026115778
"133
","Ward_133
",5533,9.90421109705404,548,0.0,0,0.036146755828664376,2,0.0,0,89.98734863545997,4979,0.07229351165732875,4,0.0,0,0.0,0,0.0,0,0.0,0,0.0,0,89.98734863545997,9.940357852882704,0.0,0.0,0.0,90.04518344478583,0.8254111693475511
"65
","Ward_65
",14489,9.600386500103527,1391,0.0,0,0.1725446890744703,25,0.0,0,90.02001518393263,13043,0.16564290151149147,24,0.0,0,0.04141072537787287,6,0.0,0,0.0,0,0.0,0,90.02001518393263,9.772931189177998,0.04141072537787287,0.0,0.0,90.15252950514183,0.8267513285941059
"24
","Ward_24
",2192,0.45620437956204374,10,0.0,0,0.0,0,0.0,0,99.54379562043796,2182,0.0,0,0.0,0,0.0,0,0.0,0,0.0,0,0.0,0,99.54379562043796,0.45620437956204374,0.0,0.0,0.0,99.54379562043796,0.8965784671532847
"128
","Ward_128
",19992,21.683673469387756,4335,0.0,0,0.05502200880352141,11,0.050020008003201284,10,77.87114845938376,15568,0.2150860344137655,43,0.0,0,0.1250500200080032,25,0.0,0,0.0,0,0.0,0,77.87114845938376,21.73869547819128,0.1250500200080032,0.0,0.050020008003201284,78.04321728691477,0.7366746698679472
"50
","Ward_50
",4164,1.4649375600384247,61,0.0,0,0.0,0,0.0,0,98.53506243996158,4103,0.0,0,0.0,0,0.0,0,0.0,0,0.0,0,0.0,0,98.53506243996158,1.4649375600384247,0.0,0.0,0.0,98.53506243996158,0.8890129682997119
"113
","Ward_113
",17964,16.822533956802495,3022,0.0,0,0.3451347138721888,62,0.13916722333556,25,82.21999554664885,14770,0.2059674905366288,37,0.0,0,0.26720106880427524,48,0.0,0,0.0,0,0.0,0,82.21999554664885,17.167668670674683,0.26720106880427524,0.0,0.13916722333556,82.38476953907815,0.7709530171454019
"94
","Ward_94
",18184,38.9463264408271,7082,0.0,0,15.816102067751869,2876,0.03849538055433348,7,43.923229212494505,7987,0.7094148702155741,129,0.0,0,0.5664320281566212,103,0.0,0,0.0,0,0.0,0,43.923229212494505,54.76242850857897,0.5664320281566212,0.0,0.03849538055433348,44.490761108666966,0.504762428508579
"79
","Ward_79
",31904,20.317201604814443,6482,0.0,0,0.16925777331995986,54,0.8807673019057171,281,70.63691073219658,22536,1.438691073219659,459,0.0,0,6.55717151454363,2092,0.0,0,0.0,0,0.0,0,70.63691073219658,20.486459378134402,6.55717151454363,0.0,0.8807673019057171,71.7878635907723,0.7472354563691072
"11
","Ward_11
",3554,1.2943162633652223,46,0.0,0,0.0,0,0.0,0,98.64940911648846,3506,0.056274620146314014,2,0.0,0,0.0,0,0.0,0,0.0,0,0.0,0,98.64940911648846,1.2943162633652223,0.0,0.0,0.0,98.69442881260551,0.8902363534046145
"15
","Ward_15
",5791,10.827145570713176,627,0.0,0,0.0,0,0.0,0,88.84475910896218,5145,0.12087722327749958,7,0.0,0,0.20721809704714209,12,0.0,0,0.0,0,0.0,0,88.84475910896218,10.827145570713176,0.20721809704714209,0.0,0.0,88.94146088758419,0.8188827490934208
"140
","Ward_140
",16826,48.407226910733385,8145,0.0,0,0.04160228218233686,7,0.760727445619874,128,50.3387614406276,8470,0.08914774753357899,15,0.0,0,0.3625341733032212,61,0.0,0,0.0,0,0.0,0,50.3387614406276,48.448829192915724,0.3625341733032212,0.0,0.760727445619874,50.410079638654466,0.5331451325329847
"97
","Ward_97
",21042,31.3373253493014,6594,0.0,0,5.374964357000285,1131,0.4182111966543104,88,62.8457370972341,13224,0.023761999809904004,5,0.0,0,0.0,0,0.0,0,0.0,0,0.0,0,62.8457370972341,36.71228970630168,0.0,0.0,0.4182111966543104,62.864746697082026,0.6279179735766562
"48
","Ward_48
",2676,0.18684603886397608,5,0.0,0,0.0,0,0.0,0,99.81315396113602,2671,0.0,0,0.0,0,0.0,0,0.0,0,0.0,0,0.0,0,99.81315396113602,0.18684603886397608,0.0,0.0,0.0,99.81315396113602,0.8985986547085202
"35
","Ward_35
",9043,21.043901360168086,1903,0.0,0,0.17693243392679422,16,0.4976224704191087,45,78.10461130155922,7063,0.06634966272254782,6,0.0,0,0.11058277120424638,10,0.0,0,0.0,0,0.0,0,78.10461130155922,21.22083379409488,0.11058277120424638,0.0,0.4976224704191087,78.15769103173726,0.7385767997346017
"116
","Ward_116
",13294,23.875432525951556,3174,0.0,0,0.34602076124567477,46,0.20309914247028735,27,74.89092823830299,9956,0.6694749511057619,89,0.0,0,0.015044380923724988,2,0.0,0,0.0,0,0.0,0,74.89092823830299,24.22145328719723,0.015044380923724988,0.0,0.20309914247028735,75.4265081991876,0.7170151948247329
"95
","Ward_95
",10963,12.870564626470857,1411,0.0,0,0.04560795402718234,5,0.136823862081547,15,86.8193012861443,9518,0.10945908966523761,12,0.0,0,0.018243181610872936,2,0.0,0,0.0,0,0.0,0,86.8193012861443,12.91617258049804,0.018243181610872936,0.0,0.136823862081547,86.90686855787648,0.8023989783818297
"30
","Ward_30
",6300,12.698412698412698,800,0.0,0,0.015873015873015872,1,0.0,0,87.1111111111111,5488,0.1746031746031746,11,0.0,0,0.0,0,0.0,0,0.0,0,0.0,0,87.1111111111111,12.714285714285714,0.0,0.0,0.0,87.25079365079364,0.8044841269841269
"58
","Ward_58
",117650,42.368040798980026,49846,0.0,0,2.8261793455163624,3325,14.000000000000002,16471,31.843603909902253,37464,3.3098172545686357,3894,0.0,0,5.369315767105822,6317,0.28304292392690183,333,0.0,0,0.0,0,31.843603909902253,45.19422014449639,5.369315767105822,0.28304292392690183,14.000000000000002,34.49145771355716,0.49366468338291547
